Time_[h],R_EX_for_e_,R_biomass_LBUL10_bulg,sumQpcrBul,R_biomass_LBUL10_bulg_log,R_biomass_STR_ther,sumQpcrTher,R_biomass_STR_ther_log,R_EX_lcts_e_,R_EX_lac_L_e_,R_EX_gal_e_,R_EX_succ_e_,R_EX_val_L_e_,R_EX_ser_L_e_,R_EX_gln_L_e_,R_EX_lys_L_e_,R_EX_leu_L_e_,R_EX_met_L_e_,R_EX_trp_L_e_,R_EX_phe_L_e_,R_EX_ile_L_e_,R_EX_ac_e_,R_EX_pyr_e_
0.0,0.0796382205682,0.249859517588,7388678.12533,0.108533711803,0.0895609185271,7118895.65323,0.13045342765,0.0,0.0,0.0,0.0,0.0,0.0,0.0,0.0,0.0,0.0,0.0,0.0,0.0,-inf,0.0
0.1,0.0840352808484,0.255778559871,7577860.67271,0.115564289894,0.0989220657391,7186251.93181,0.138911621931,-0.00425578179309,0.00105297629359,0.00114274480977,-6.85852745481e-07,6.53015630518e-08,2.53238052608e-08,8.69538580622e-11,6.00697400203e-08,9.94033199519e-07,2.19630231491e-07,2.54841621978e-12,1.10456600176e-05,2.35647286814e-08,-0.495704289691,-1.68424582418e-10
0.2,0.0886627579293,0.261672366855,7776479.39824,0.123002290285,0.109153493105,7261351.95382,0.147866245983,-0.0156119485395,0.0054672492265,0.0057539163681,-4.3548796159e-06,4.84162073157e-07,2.08914407677e-07,1.51299173704e-09,4.19778538059e-07,4.89090017264e-06,1.34672756783e-06,1.12874975763e-10,3.31031564105e-05,1.69086098614e-07,-0.412212668654,-2.81538571115e-09
0.3,0.0935313860079,0.267533051436,7984996.12085,0.130864711924,0.120312930323,7345084.9866,0.157339243917,-0.0333906108897,0.014329022183,0.0148117440621,-1.28396117491e-05,1.56295815923e-06,7.17878606379e-07,8.04471087866e-09,1.30900575337e-06,1.242151778e-05,3.89033818951e-06,1.03666254979e-09,6.29064516292e-05,5.35482567798e-07,-0.370044507941,-1.46225966528e-08
0.4,0.0986522470945,0.273352812901,8203894.35044,0.139168322109,0.132457027019,7438442.17328,0.167352505198,-0.0572578501641,0.0283857304833,0.0289697675145,-2.76516394752e-05,3.58969534735e-06,1.72348495541e-06,2.63259621662e-08,2.93348462827e-06,2.40642784664e-05,8.25774318307e-06,4.99948162393e-09,9.91991660112e-05,1.21325783583e-06,-0.342763146999,-4.70619928599e-08
0.5,0.104036763417,0.27912397039,8433680.21254,0.147929489851,0.145640135548,7542528.14422,0.177927686859,-0.0869843254434,0.0482353932602,0.048741586245,-5.01356153868e-05,6.84157505985e-06,3.39965281401e-06,6.60315364163e-08,5.48538484735e-06,4.01918621189e-05,1.48046890002e-05,1.6940412464e-08,0.000141228567809,2.28809158553e-06,-0.322991321146,-1.16528184201e-07
0.6,0.109696686767,0.284838994847,8674883.40235,0.157163996577,0.159912897468,7658573.93748,0.189086009075,-0.122390325952,0.0743850890152,0.0745561372735,-8.15257145633e-05,1.15881119426e-05,5.9222766662e-06,1.39977460911e-07,9.14748291981e-06,6.11148330587e-05,2.38532286418e-05,4.59160663871e-08,0.00018847203593,3.84228429943e-06,-0.307683539103,-2.44431308483e-07
0.7,0.115644084401,0.290490539166,8928058.16819,0.166886822837,0.175320641191,7787951.37209,0.200848022107,-0.163322805824,0.107278360661,0.106782970225,-0.000122975033013,1.80928663631e-05,9.4688285437e-06,2.64208315428e-07,1.40954199981e-05,8.71018757939e-05,3.5700785938e-05,1.06683023529e-07,0.000240535734056,5.95555030454e-06,-0.295306333006,-4.57269360849e-07
0.8,0.121891321075,0.296071466239,9193784.32388,0.177111909887,0.191901610668,7932189.03341,0.213233342775,-0.209643281321,0.147310337743,0.145745789429,-0.000175573412138,2.66145442147e-05,1.42180910059e-05,4.58069974087e-07,2.04991065173e-05,0.000118391051051,5.06254974367e-05,2.21437924823e-07,0.000297106535977,8.70551754978e-06,-0.284986234967,-7.8668767348e-07
0.9,0.128451036771,0.30157487465,9472668.28961,0.187851895284,0.209685059773,8092990.04567,0.22626035882,-0.261220498705,0.194836830398,0.19173027477,-0.000240359270815,3.74077516988e-05,2.03499614641e-05,7.44272180216e-07,2.85236697313e-05,0.000155196753918,6.88896277735e-05,4.21700238048e-07,0.000357925722738,1.21680696009e-05,-0.276181674425,-1.26952949406e-06
1.0,0.135336119618,0.306994121816,9765344.1605,0.19911782202,0.228689263821,8272251.82479,0.23994589982,-0.317925550291,0.250180045287,0.244988709721,-0.000318327949865,5.07235398778e-05,2.80452988795e-05,1.14894357775e-06,3.83301266587e-05,0.000197714324138,9.07418557571e-05,7.50326164062e-07,0.000422773160874,1.64175928163e-05,-0.268535320337,-1.94787996465e-06
1.1,0.142559673494,0.312322844398,10072474.8021,0.210918821158,0.248919517479,8472088.02365,0.254304873758,-0.379628393457,0.313632225737,0.305742653932,-0.000410437855794,6.68098106093e-05,3.74857967375e-05,1.70168089249e-06,5.007587814e-05,0.000246123252253,0.000116418837096,1.26364435892e-06,0.000491457113555,2.15271619658e-05,-0.261799895042,-2.86910494541e-06
1.2,0.150134979769,0.317554975847,10394752.9711,0.223261768534,0.270366205816,8694852.90274,0.269349868845,-0.446195246623,0.385457925869,0.374184334639,-0.000517615129978,8.59116253578e-05,4.88538724792e-05,2.43559341898e-06,6.39150788753e-05,0.000300589488108,0.000146146271094,2.03370559916e-06,0.000563807331699,2.75686834976e-05,-0.255797697293,-4.0858856281e-06
1.3,0.158075452587,0.322684761019,10732902.461,0.236150916782,0.293003050548,8943168.38102,0.285090720911,-0.517486575474,0.465895337189,0.450477156555,-0.000640757282549,0.000108271442508,6.23325669553e-05,3.38734363319e-06,7.99989170425e-05,0.000361267145193,0.000180139608005,3.15063943889e-06,0.00063967017574,3.46130082984e-05,-0.250397050157,-5.65624956739e-06
1.4,0.166394587096,0.327706767784,11087679.2687,0.249587504735,0.316785644543,9219954.04563,0.301534047463,-0.593355503747,0.55515693067,0.534755584566,-0.000780736071437,0.000134129299794,7.81054494159e-05,4.59718452959e-06,9.84758251377e-05,0.000428299781284,0.000218604483955,4.72511140703e-06,0.000718905057306,4.27300216315e-05,-0.245497869895,-7.64359854077e-06
1.5,0.17510589998,0.332615895668,11459872.7827,0.263569347253,0.341650391974,9528460.42386,0.318682750534,-0.673646548605,0.653429589022,0.62712457183,-0.000938399813429,0.000163722953024,9.63565247488e-05,6.10899412678e-06,0.000119491636544,0.000501821371756,0.000261736941359,6.89087441256e-06,0.000801381773513,5.1988715442e-05,-0.241022439577,-1.01167334897e-05
1.6,0.184222861635,0.337407381521,11850306.988,0.278090409566,0.367513967094,9872305.84689,0.336535491582,-0.758194618392,0.760874351101,0.727658657867,-0.00111457525628,0.000197287978865,0.000117270140444,7.97030747402e-06,0.00014318969787,0.000581957053592,0.000309723474993,9.80740776633e-06,0.000886978465243,6.24572466547e-05,-0.236909296474,-1.31498766722e-05
1.7,0.193758819322,0.342076802323,12259841.6855,0.293140371443,0.394273389737,10255517.2618,0.355086143033,-0.846824233127,0.877625857823,0.836400831946,-0.0013100691036,0.000235057847206,0.000141030891273,1.02323464067e-05,0.000169710944206,0.000668823694195,0.000362740932707,1.36626365633e-05,0.000975580024001,7.42029840603e-05,-0.233109057842,-1.68226910559e-05
1.8,0.203726910611,0.346620075208,12689373.7238,0.3087041878,0.421806789778,10682575.3762,0.374323222554,-0.939348942118,1.00379156815,0.953361238922,-0.00152566925941,0.000277263967075,0.000167823520026,1.29500472329e-05,0.00019919394247,0.000762530323563,0.000420956292414,1.86757230476e-05,0.00106707682918,8.72925456971e-05,-0.229581495106,-2.1220296895e-05
1.9,0.214139966428,0.351033454852,13139838.2368,0.324761653739,0.449974896487,11158464.5463,0.394229317812,-1.03557092187,1.13945080022,1.07851579315,-0.00176214584212,0.000324135709079,0.000197832812893,1.61820864802e-05,0.000231774906724,0.000863178458039,0.000484526332214,2.509991994e-05,0.00116136373389,0.000101791828151,-0.226293435954,-2.64332853571e-05
2.0,0.225010403058,0.355313528394,13612209.885,0.341286983452,0.478623244085,11688727.8486,0.414780511217,-1.13528074304,1.28465364385,1.21180475873,-0.0020202520058,0.000375900406512,0.000231243488279,1.99909047869e-05,0.000267587688321,0.000970862336697,0.000553597207232,3.32254734565e-05,0.00125833924132,0.000117766028859,-0.223217229764,-3.25577289931e-05
2.1,0.236350102431,0.359457208055,14107504.0945,0.35824841385,0.507585035636,12279527.7967,0.435945816064,-1.23825729862,1.43941978476,1.35313134951,-0.00230072459784,0.000432783336814,0.000268240077947,2.44427289848e-05,0.000306763743153,0.00108566908644,0.000628303944665,4.33825607913e-05,0.00135790482958,0.000135279662245,-0.220329605086,-3.96951887762e-05
2.2,0.248170280116,0.363461721675,14626778.2876,0.375607845154,0.536684558169,12937713.1922,0.457686637357,-1.34426788762,1.60373727693,1.50236039909,-0.00260428467592,0.000495007684582,0.000309006799532,2.96075923858e-05,0.000349432077686,0.00120767882833,0.000708769867087,5.59442430685e-05,0.0014599643941,0.00015439657034,-0.217610805473,-4.79527173681e-05
2.3,0.26048134046,0.367324601359,15171133.099,0.393320531947,0.565740998209,13670892.6111,0.479956272525,-1.45306844958,1.77756129705,1.65931714856,-0.00293163790232,0.000562794487104,0.000353727419515,3.55593532553e-05,0.000395719175194,0.00133696473495,0.000795105953235,7.13294100554e-05,0.00156442378433,0.000175179928405,-0.215043926549,-5.74428582048e-05
2.4,0.273292718427,0.37104367048,15741713.5706,0.411334839194,0.594572473646,14487515.0429,0.502699468971,-1.56440394547,1.96081291323,1.82378619787,-0.00328347483026,0.000636362563119,0.000402585105863,4.23757114257e-05,0.000445748903271,0.00147359304678,0.000887410145004,9.00056871564e-05,0.00167119041699,0.000197692245948,-0.212614400896,-6.82836399275e-05
2.5,0.286612707766,0.374617029237,16339710.3162,0.429592078509,0.623000079244,15396958.2002,0.525852057011,-1.67800888057,2.15337789887,1.99551066471,-0.00366047109393,0.000715928425352,0.000455762269546,5.01382229788e-05,0.00049964240355,0.00161762305413,0.000985766609174,0.00011249226822,0.00178017295238,0.000221995363482,-0.210309593134,-8.05985656185e-05
2.6,0.300448275299,0.378043039018,16966360.648,0.448026440271,0.650851741403,16409625.0048,0.549340677954,-1.79360796412,2.35510562215,2.17419159283,-0.00406328751223,0.00080170617725,0.000513440394264,5.89323128974e-05,0.000557517964397,0.00176910704986,0.00109024496241,0.000139362629365,0.00189128102296,0.000248150445268,-0.208118478237,-9.45165962329e-05
2.7,0.314804861267,0.381320305782,17622949.6536,0.466565037037,0.677965693353,17537048.7335,0.573082627893,-1.91091689995,2.56580804027,2.35948764903,-0.00449257011399,0.000893907394244,0.000575799853705,6.88472855645e-05,0.00061949087725,0.00192809025749,0.00120089946825,0.000171247069235,0.00200442500595,0.000276217968274,-0.206031383489,-0.000110172127548
2.8,0.329686165875,0.38444766268,18310811.2151,0.485128072956,0.704193412645,18792007.2554,0.596985837973,-2.02964330115,2.78525882741,2.55101514511,-0.00494895009166,0.000992740989785,0.000643019715761,7.99763329612e-05,0.000685673277223,0.00209461073871,0.00131776821498,0.000208835009679,0.00211951583309,0.000306257707512,-0.204039779634,-0.000127704959883
2.9,0.345093922406,0.38742415214,19031328.9555,0.503629152445,0.729401905014,20188646.719,0.6209490114,-2.14948772063,3.01319266431,2.74834841754,-0.00543304368918,0.00109841306636,0.000715277533128,9.24165403925e-05,0.000756173968525,0.00226869928335,0.00144087228386,0.000252876977779,0.00223646483225,0.000338328717911,-0.202136110461,-0.000147260259769
3.0,0.361027657575,0.390249007607,19785937.1015,0.521975739238,0.753475267277,21742614.9376,0.64486193609,-2.27014478847,3.24930471632,2.95102059301,-0.00594545202896,0.00121112675169,0.000792749119814,0.000106268889544,0.000831098235251,0.00245037928509,0.00157021491724,0.000304186175306,0.00235518359647,0.000372489312841,-0.200313652683,-0.000168988512675
3.1,0.377484440059,0.392921635139,20576121.2477,0.540069773934,0.77631551167,23471204.5661,0.66860598957,-2.39130444544,3.49325032569,3.15852476297,-0.00648676088225,0.00133108202014,0.00087560831309,0.000121638258647,0.000910547638085,0.00263966660533,0.00170578069681,0.000363639525089,0.00247558387681,0.000408797039389,-0.19856639991,-0.000193045465833
3.2,0.394458618565,0.39544159504,21403419.0062,0.557808454447,0.79784267997,25393505.958,0.692054849403,-2.51265326109,3.74464494205,3.37031558466,-0.00705754038662,0.00145847549968,0.000964026720497,0.000138633419514,0.000994619797474,0.00283656942777,0.00184753474254,0.00043217806556,0.00259757749606,0.000447308650484,-0.196888965945,-0.000219592060104
3.3,0.411941551141,0.397808583689,22269420.5261,0.575085179265,0.817994314057,27530569.315,0.715075418032,-2.63387582362,4.00306431335,3.58581131916,-0.00765834471399,0.00159350026435,0.00105817345157,0.000157367031158,0.00108340816385,0.00304108810577,0.00199542194313,0.000510806544992,0.00272107628073,0.000488080073934,-0.195276503696,-0.000248794349792
3.4,0.429921327907,0.400022415743,23175768.8635,0.591790648282,0.836724377791,29905575.3903,0.737528965481,-2.75465618762,4.2680449568,3.80439631027,-0.0082897116921,0.00173634561241,0.00115821483403,0.000177955629719,0.00117700177552,0.00325321500462,0.0021493662294,0.00060059204606,0.0028459920093,0.000531166378458,-0.193724636776,-0.000280823409194
3.5,0.448382489886,0.402083006822,24124160.1835,0.607814110335,0.85400174239,32544013.5571,0.759272486988,-2.87467936528,4.53908492708,4.02542390008,-0.00895216238217,0.00188719683039,0.00126431411418,0.000200519614367,0.00127548500489,0.00347293434054,0.00230926990207,0.000702661449845,0.00297223637492,0.00057662173676,-0.192229401522,-0.000315855224641
3.6,0.467305747094,0.403990356836,25116343.7731,0.623044740625,0.869808354232,35473865.4913,0.780160265393,-2.99363284545,4.81564489561,4.24821976911,-0.00964620061538,0.00204623494324,0.00137663114139,0.000225183228827,0.0013789372937,0.00370022201837,0.00247501302578,0.000818197526921,0.00309972096099,0.000624499385714,-0.190787197565,-0.000354070570671
3.7,0.486667699635,0.405744534043,26154121.8422,0.637373125211,0.884137201747,38725792.0223,0.80004562035,-3.11120812492,5.0971495511,4.47208568071,-0.0103723124903,0.00221363645062,0.0014953220367,0.000252074538166,0.00148743287814,0.00393504546939,0.00264645290114,0.000948433422759,0.00322835722835,0.000674851583707,-0.189394745528,-0.000395654868942
3.8,0.506440566106,0.407345659958,27239349.0902,0.650692824008,0.896990188806,42333319.8587,0.818782818331,-3.22710223573,5.38298932797,4.69630360095,-0.0111309658338,0.00238957304974,0.00162053884535,0.000281325400435,0.00160104050453,0.00417736349124,0.00282342362668,0.00109464528662,0.00335805651292,0.000727729565194,-0.18804905063,-0.000440798028387
3.9,0.526591924204,0.408793895186,28373932.0114,0.662901978539,0.908376008157,46333023.8757,0.836229109398,-3.34101925255,5.67252246467,4.92014015723,-0.0119226096272,0.002574211345,0.00175242917359,0.000313071432739,0.00171982313671,0.00442712609127,0.0030057357624,0.00125814277907,0.00348873003274,0.000783183492525,-0.186747371256,-0.00048969426508
4.0,0.547084468992,0.410089426274,29559827.9149,0.673904926359,0.918308092186,50764699.442,0.85224684923,-3.45267176393,5.96507738964,5.1428513911,-0.0127476734001,0.00276771254462,0.00189113580971,0.000347451971279,0.00184383765586,0.00468427433502,0.00319317610623,0.00144025718513,0.00362028890357,0.000841262405086,-0.185487191707,-0.000542541900181
4.1,0.567875794857,0.411232453627,30799043.6299,0.683613780984,0.926802701505,55671517.8478,0.866705658291,-3.56178229232,6.25995542765,5.36368775345,-0.0136065665937,0.00297023214475,0.00203679632981,0.000384610024895,0.00197313455403,0.00494874020122,0.0033855075943,0.00164232686057,0.00375264416216,0.000902014165821,-0.184266198477,-0.000599543134312
4.2,0.588918207698,0.412223180572,32093633.8669,0.691949934479,0.93387719611,61100156.2708,0.879484564841,-3.66808464777,6.55643381465,5.58189928434,-0.014499677896,0.00318191960148,0.00218954268857,0.000424692221587,0.00210775762249,0.00522044644482,0.00358246933534,0.00186567975067,0.00388570679666,0.000965485405192,-0.183082259538,-0.000660903796631
4.3,0.610158574314,0.413061803594,33445699.2068,0.698845439887,0.939548520062,67100891.8808,0.890474075066,-3.7713252016,6.85376900417,5.79674091385,-0.0154273745499,0.00340291799112,0.00234950079552,0.000467848747492,0.00224774363608,0.00549930646946,0.00378377678849,0.00211161274688,0.0040193877832,0.00103172146263,-0.181933406173,-0.000726833066834
4.4,0.63153821635,0.413748503798,34857383.6852,0.704244232505,0.943831919397,73727647.6617,0.899578112247,-3.87126406729,7.15120024334,6.00747781684,-0.0163900016376,0.00363336365934,0.00251679007754,0.000514233277756,0.00239312203496,0.00578522421074,0.00398912209301,0.00238136769116,0.00415359812842,0.00110076632558,-0.180817817017,-0.000797543168297
4.5,0.652992856362,0.41428343963,36330871.9402,0.708103152595,0.946739904502,81037975.3584,0.906715767972,-3.96767617705,7.4479533921,6.21339075125,-0.0173878813425,0.00387338585979,0.00269152302821,0.0005640028987,0.00254391460514,0.00607809403166,0.00419817455711,0.00267610390401,0.00428824891703,0.00117266256613,-0.179733803964,-0.000873249030522
4.6,0.674452623668,0.414666740873,37868385.893,0.71039273751,0.94828146228,89092958.7158,0.911822811844,-4.06035224421,7.74324495437,6.41378130873,-0.0184213121903,0.00412310638277,0.00287380474491,0.00061731802068,0.00270013515941,0.00637780063151,0.00441058131159,0.00299686720287,0.00442325136417,0.00124745127543,-0.178679799715,-0.00095416791904
4.7,0.695842127539,0.414898503956,39472180.9265,0.711097758038,0.948461519925,97957017.975,0.914852912103,-4.14909960298,8.03628628602,6.60797700618,-0.0194905682733,0.00438263917475,0.00306373245473,0.000674342281007,0.00286178922005,0.00668421896948,0.00462596813271,0.00334455549722,0.00455851687192,0.00132517199588,-0.177654346726,-0.00104051903094
4.8,0.717080605001,0.414978788576,41144541.5315,0.710217481876,0.947280660345,107697594.591,0.915778527745,-4.23374291892,8.32628794067,6.79533614893,-0.0205958984571,0.00465208994955,0.00326139503021,0.000735242436249,0.00302887370529,0.00699721420429,0.00484394043672,0.00371988119667,0.00469395708957,0.00140586265121,-0.176656087377,-0.0011325230542
4.9,0.738082149933,0.414907615648,42887776.3866,0.707765656072,0.944735088918,118384693.556,0.914591442838,-4.31412476532,8.61246411113,6.97525239941,-0.0217375255754,0.00493155579187,0.00346687249633,0.000800188243243,0.00320137662106,0.00731664165087,0.00506408444672,0.00412333084916,0.00482948397726,0.00148955947457,-0.175683755204,-0.00123040168898
5.0,0.758756029383,0.414684966603,44704212.8425,0.703770209562,0.940816851504,130090259.834,0.911302925297,-4.39010606223,8.89403712199,7.14715899003,-0.0229156456119,0.00522112475444,0.00368023552997,0.000869352328119,0.00337927676001,0.00764234675537,0.00528596853063,0.00455512263864,0.00496500987243,0.00157629693471,-0.17473616707,-0.00133437712924
5.1,0.779007091909,0.414310784007,46596190.7795,0.698272686213,0.935514304036,142887365.587,0.905943504842,-4.46156637703,9.17024192674,7.3105325248,-0.0241304268744,0.00552087544943,0.00390154495359,0.00094291004259,0.00356254340965,0.00797416508951,0.0055091447068,0.00501516260931,0.0051004475589,0.00166610766045,-0.173812216143,-0.00144467150283
5.2,0.798736271374,0.413784973538,48566055.8114,0.691327427449,0.928812833823,156849186.518,0.898562377592,-4.5284040869,9.44033056185,7.46489632215,-0.0253820091621,0.00583087663557,0.00413085122479,0.00102103930679,0.00375113607167,0.00831192236528,0.00573315031168,0.00550300074182,0.00523571033805,0.00175902236338,-0.172910865589,-0.00156150626868
5.3,0.817841187976,0.413107407273,50616151.8093,0.683000531291,0.920695831395,172047749.2,0.889226457098,-4.59053640544,9.70357651024,7.60982325867,-0.0266705029288,0.00615118680186,0.00436819392347,0.00110392043789,0.00394500419445,0.00865543447097,0.00595750982189,0.00601778827406,0.00537071210182,0.00185506975915,-0.172031142899,-0.00168510156953
5.4,0.836216846325,0.41227792831,52748812.7247,0.673368621048,0.911145908682,188552437.231,0.878019102969,-4.64789927715,9.95927892651,7.74493808357,-0.0279959884451,0.00648185374942,0.00461360123883,0.00119173596374,0.00414408692086,0.00900450752945,0.0061817368206,0.00655823792012,0.0055053674071,0.00195427648733,-0.171172134777,-0.00181567553877
5.5,0.85375642821,0.411296356688,54966353.693,0.662517461757,0.900146354124,206428252.809,0.865038568028,-4.7004471452,10.2067666784,7.86991918221,-0.0293585149619,0.00682291417249,0.00486708945817,0.00128467042071,0.0043483128535,0.00935893797937,0.00640533609635,0.00712258887766,0.00563959155132,0.0020566670301,-0.170332982513,-0.00195344356059
5.6,0.87035217526,0.410162496591,57271061.4046,0.650540465502,0.887682807495,225733842.28,0.850396212787,-4.74815259886,10.4454021604,7.98449977737,-0.0307580998784,0.00717439324034,0.00512866245995,0.00138291013505,0.00455759983956,0.00971851268025,0.00662780585988,0.00770857870243,0.00577330064877,0.00216226362981,-0.169512877799,-0.00209861748218
5.7,0.885896354163,0.408876144814,59665183.735,0.637537128087,0.873745126729,246519309.422,0.83421454149,-4.79100590857,10.6745848395,8.08846856655,-0.0321947279169,0.00753630418136,0.00539831121339,0.00148664298687,0.00477185477749,0.0100830090419,0.00684864006304,0.00831342424364,0.00590641170742,0.00227108620572,-0.16871105893,-0.00225140477745
5.8,0.900282294424,0.407437100447,62150918.6345,0.623611439036,0.858329405896,268823858.576,0.816625117094,-4.82901445738,10.8937544944,8.18166980278,-0.0336683503077,0.00790864787091,0.00567601328736,0.00159605815603,0.00499097344765,0.0104521951788,0.00706733080183,0.00893381384907,0.00603884270596,0.00238315227006,-0.167926807358,-0.00241200766201
5.9,0.91340548601,0.40584517575,64730402.2822,0.608870304877,0.841440088125,292673330.598,0.79776641313,-4.86220207835,11.1023941178,8.26400283587,-0.0351788839875,0.00829141242476,0.0059617323712,0.00171134584915,0.00521484036911,0.0108258300899,0.00728337078397,0.00956591293731,0.00617051267063,0.00249847684351,-0.167159444553,-0.00258062215905
6.0,0.925164721631,0.404100208163,67405696.5202,0.593422022243,0.823092100659,318077716.88,0.777781658704,-4.89060830819,11.300032451,8.3354211389,-0.0367262108135,0.00868457279964,0.00625541781023,0.00183269700698,0.00544332868486,0.0112036638642,0.00749625584031,0.0102053847771,0.0063013417518,0.00261707237048,-0.166408329135,-0.0027574371167
6.1,0.935463266059,0.402202073396,70178775.5913,0.577374832844,0.803312922669,345028758.696,0.756816729128,-4.91428756783,11.4862461304,8.39593085232,-0.0383101767972,0.00908809040278,0.00655700415907,0.00196030299139,0.00567630007735,0.0115854379127,0.00770548745798,0.0108474278937,0.00643125129973,0.0027389486342,-0.165672854266,-0.00294263317733
6.2,0.94421003276,0.400150699532,73051512.2155,0.560835587073,0.782144481708,373497758.605,0.735018129195,-4.93330828083,11.6606614272,8.44558888453,-0.0399305913607,0.00950191271233,0.0068664107557,0.00209435525127,0.00591360471657,0.0119708852257,0.00791057531261,0.0114868309421,0.0065601639396,0.00286411267208,-0.164952445258,-0.00313638170009
6.3,0.951320746504,0.39794608207,76025663.0506,0.543908537329,0.759644764024,403433744.924,0.712531109378,-4.94775194077,11.8229555696,8.48450061288,-0.0415872266188,0.00992597291046,0.0071835413194,0.00223504496662,0.00615508124255,0.0123597306571,0.00811103977648,0.0121180451492,0.00668800364519,0.00299256869137,-0.164246557379,-0.00333884363824
6.4,0.956719069373,0.395588299812,79102853.5935,0.526694276236,0.735889019597,434762136.427,0.689497947588,-4.9577121386,11.9728576415,8.51281723323,-0.0432798166903,0.0103601895312,0.00750828357584,0.0023825626703,0.00640055678421,0.0127516912349,0.00830641437913,0.0127352735745,0.00681469581125,0.00312431798548,-0.163554673854,-0.00355016837333
6.5,0.960337667078,0.393077531503,82284562.5952,0.509288829232,0.710970446958,467384049.809,0.666056421114,-4.96329356056,12.1101490581,8.53073280922,-0.0450080570419,0.0108044661252,0.00784050891258,0.00253709784668,0.00664984701621,0.0131464764967,0.00849624819745,0.0133325754961,0.00694016732422,0.00325935885114,-0.16287630401,-0.00377049250906
6.6,0.962119192524,0.390414073101,85572106.0701,0.491782905572,0.685000257255,501176374.879,0.642338485327,-4.96461096724,12.2346636249,8.53848107375,-0.0467716038685,0.0112586909426,0.00818007206818,0.00269883850681,0.00690275625551,0.0135437888518,0.00868010815258,0.013903983278,0.00706434663109,0.00339768650681,-0.162210981587,-0.00399993862816
6.7,0.962017164373,0.38759835556,88966621.0007,0.474261306985,0.658107042403,535992711.067,0.618469168003,-4.96178816362,12.3462871894,8.53633203615,-0.048570073512,0.0117227366379,0.00852681085842,0.0028679707395,0.00715907759906,0.0139433239676,0.00885758119199,0.0144436281656,0.00718716380617,0.00353929301241,-0.161558263171,-0.00423861401603
6.8,0.959996719853,0.384630962971,92469048.8467,0.456802488993,0.630435407957,571665214.335,0.594565681087,-4.95495696942,12.4449569036,8.52458844773,-0.0504030419237,0.0121964599966,0.00888054594276,0.00304467823806,0.00741859310382,0.0143447711816,0.0090282763364,0.0149458706868,0.00730855061563,0.00368416719085,-0.160917726755,-0.00448660935607
6.9,0.956035223281,0.381512650929,96080118.9867,0.43947826648,0.602143875612,608007348.41,0.570736745439,-4.94425619843,12.5306601173,8.50358217683,-0.0522700441725,0.0126797016876,0.00924108063446,0.00322914180229,0.00768107401035,0.014747813936,0.00919182657246,0.0154054307591,0.00742844057962,0.00383229455146,-0.160288970409,-0.00474399740182
7.0,0.950122714615,0.378244364939,99800332.2315,0.422353652392,0.573402109359,644817472.912,0.547082118884,-4.92983065481,12.6034329268,8.47367054252,-0.0541705740031,0.0131722860428,0.00960820075744,0.00342153881548,0.00794628101063,0.015152130236,0.00934789057435,0.0158175123062,0.00754676903169,0.00398365721584,-0.159671611048,-0.00501083163213
7.1,0.942262185844,0.374827258684,103629944.563,0.405486816496,0.544387568806,681883139.18,0.523692313672,-4.9118301535,12.6633584064,8.43523265257,-0.056104083447,0.0136740208659,0.00998167455323,0.00362204269646,0.00821396456095,0.0155573931302,0.00949615423914,0.0161779171943,0.00766347317555,0.00413823384625,-0.159065283296,-0.00528714489615
7.2,0.932469676899,0.371262711976,107568951.265,0.388929149938,0.515281737521,718985909.186,0.500648486306,-4.89040857105,12.7105645557,8.38866578787,-0.0580699824902,0.014184697272,0.0103612526408,0.00383082232656,0.00848386524006,0.0159632712117,0.00963633202325,0.0164831436409,0.00777849213882,0.00429599957689,-0.158469638432,-0.00557294805578
7.3,0.920774187081,0.367552348164,111617071.623,0.372725420684,0.486266108468,755906470.117,0.478022480588,-4.86572293253,12.745221993,8.33438187137,-0.0600676388004,0.014704089562,0.0107466680323,0.00404804145167,0.00875571415285,0.016369429139,0.00976816806983,0.0167304649152,0.00789176702374,0.00445692594848,-0.157884343408,-0.00586822863394
7.4,0.907217402413,0.363698050807,115773734.383,0.356914004903,0.45751812842,792429792.506,0.455877003498,-4.83793253917,12.7675414319,8.27280405516,-0.0620963775168,0.0152319551312,0.0111376362074,0.0042738580598,0.00902923337929,0.0167755281754,0.00989143711922,0.0169179850921,0.00800324095473,0.0046209808464,-0.157309079947,-0.00617294947787
7.5,0.89185324383,0.359701979381,120038064.16,0.341527179765,0.429207306198,828350076.039,0.434265913172,-4.80719814065,12.7777709752,8.20436345446,-0.0641554811071,0.0157680344159,0.011533855249,0.0045084237344,0.00930413646829,0.0171812267454,0.0100059451976,0.0170446697766,0.00811285912264,0.00478812844262,-0.156743543693,-0.00648704744731
7.6,0.874747245423,0.355566583787,124408869.004,0.326591463866,0.401491675291,863475245.092,0.413234598561,-4.77368115517,12.7761932617,8.12949605301,-0.0662441892926,0.0163120508794,0.0119350060415,0.00475188298422,0.00958012897562,0.0175861810063,0.0101115300813,0.0171103509995,0.0082205688256,0.00495832914195,-0.156187443431,-0.00681043213827
7.7,0.855975776031,0.351294617455,128884629.323,0.312127992531,0.374514771697,897630793.207,0.392820431193,-4.73754293978,12.7631225023,8.04863979933,-0.0683616990458,0.0168637110384,0.0123407525359,0.00500437255038,0.00985690904492,0.0179900454342,0.0102080615373,0.0171157067861,0.00832631950642,0.0051315395328,-0.15564050035,-0.00714298465367
7.8,0.835625121011,0.346889148792,133463488.368,0.298152916466,0.348403246409,930662827.552,0.373053270809,-4.6989441125,12.7389014396,7.962231909,-0.070507164663,0.0174227045335,0.0127507420804,0.00526602069176,0.0101341680304,0.0183924734217,0.0102954413427,0.0170622171327,0.00843006278642,0.0053077123427,-0.155102447369,-0.00748455643292
7.9,0.813790444077,0.342353570773,138143244.479,0.284677813547,0.323265183658,962440224.824,0.353956008206,-4.65804392733,12.7038982639,7.87070638377,-0.0726796979142,0.0179887042424,0.0131646058212,0.00553694644981,0.0104115911597,0.0187931178855,0.0103736030876,0.0169520991908,0.00853175249569,0.00548679639919,-0.154573028493,-0.00783496815282
8.0,0.790574651422,0.337691608446,142921345.295,0.27171010488,0.299189146373,992855872.214,0.335545130449,-4.61499970262,12.6585035181,7.77449175437,-0.0748783682736,0.0185613664404,0.0135819591714,0.00581725889423,0.0106888582344,0.0191916318833,0.0104425117716,0.0167882252975,0.00863134469964,0.00566873659607,-0.154051998225,-0.00819400871296
8.1,0.766087181977,0.332907324156,147794884.091,0.259253467668,0.276243924012,1021827024.9,0.317831295484,-4.56996630257,12.6031270201,7.67400904994,-0.0771022032321,0.019140331007,0.0140024023515,0.00610705635126,0.0109656443672,0.0195876692364,0.0105021631999,0.0165740280472,0.00872879772195,0.00585347386556,-0.153539121005,-0.00856143431896
8.2,0.740442748497,0.328005120316,152760598.435,0.247308238655,0.254478919226,1049294860.02,0.300819905102,-4.52309567121,12.5381948311,7.56966999411,-0.0793501886942,0.0197252216811,0.0144255209994,0.00640642561622,0.0112416207509,0.019980885157,0.0105525831941,0.0163133968675,0.00882407216376,0.0060409451566,-0.153034170699,-0.0089369676773
8.3,0.71376005429,0.322989739535,157814871.284,0.235871803215,0.233925081003,1075223343.05,0.284511667044,-4.47453641799,12.4641462934,7.46187542444,-0.0816212694617,0.0203156463656,0.0148508868519,0.00671544115277,0.0115164554591,0.0203709368775,0.0105938266297,0.0160105705482,0.00891713091913,0.00623108341955,-0.152536930103,-0.00932029731544
8.4,0.68616050976,0.317866261993,162953734.671,0.224938966219,0.2145962742,1099597544.7,0.268903138822,-4.42443345322,12.3814311608,7.35101392955,-0.0839143498058,0.0209111974815,0.0152780584952,0.00703416428104,0.0117898142732,0.0207574842806,0.0106259763142,0.0156700299016,0.00900793918682,0.00642381759771,-0.152047190495,-0.0097110770413
8.5,0.657766971673,0.312640099936,168172876.068,0.214502301846,0.196490968317,1122421555.22,0.253987247411,-4.37292767194,12.2905068393,7.23746069613,-0.0862282941277,0.0215114523732,0.0157065821847,0.00736264235737,0.0120613615336,0.021140190527,0.0106491417231,0.0152963942668,0.00909646447839,0.00661907262583,-0.151564751204,-0.0101089255555
8.6,0.628702526183,0.307316989225,173467647.484,0.204552480397,0.179594130543,1143716140.37,0.239753780478,-4.32015568396,12.191835757,7.12157655619,-0.0885619277116,0.022115973764,0.0161359927321,0.0077009079486,0.0123307610104,0.0215187226793,0.0106634576107,0.0148943249569,0.00918267662254,0.00681676943593,-0.15108941921,-0.0105134262299
8.7,0.599089334349,0.301902977897,178833077.356,0.195078570909,0.163879217619,1163516271.2,0.226189846071,-4.26624958787,12.0858828737,7.0037072236,-0.0909140375678,0.0227243102633,0.0165658144576,0.00804897800418,0.0125976767914,0.0218927523197,0.0106690825112,0.0144684380532,0.00926654776592,0.0070168249707,-0.150621008765,-0.0109241270652
8.8,0.569047556196,0.296404411735,184263885.21,0.186068319038,0.14931017539,1181868641.9,0.213280298843,-4.21133678675,11.9731133443,6.88418270776,-0.0932833733693,0.0233359969245,0.0169955622056,0.00840685302948,0.0128617741813,0.0222619561589,0.0106661971504,0.0140232282288,0.00934805237028,0.00721915220472,-0.150159341044,-0.0113405408396
8.9,0.538694366456,0.29082791689,189754499.061,0.177508400204,0.13584337209,1198829268.65,0.20100813185,-4.15553984283,11.8539903414,6.76331689164,-0.0956686484805,0.0239505558533,0.0174247424196,0.00877451626415,0.0131227206095,0.0226260166355,0.0106550027832,0.0135630045877,0.00942716720608,0.0074236601737,-0.149704243808,-0.0117621454598
9.0,0.508143072116,0.285180379645,195299075.469,0.169384648435,0.123429409237,1214461239.77,0.189354833712,-4.09897636869,11.7289730453,6.6414072609,-0.0980685410786,0.0245674968669,0.0178528542741,0.00915193286956,0.0133801865414,0.0229846225019,0.0106357194767,0.0130918388727,0.00950387134265,0.00763025401199,-0.149255551091,-0.0121883845245
9.1,0.477502338864,0.279468923429,200891522.139,0.161682261666,0.112014771204,1228832666.0,0.178300711656,-4.04175895224,11.5985148032,6.51873477057,-0.100481695368,0.0251863182012,0.0182793908593,0.00953904912963,0.0136338463886,0.0233374693964,0.0106085843542,0.0126135258503,0.00957814613498,0.00783883499851,-0.148813102906,-0.0126186681088
9.2,0.446875530578,0.273700883271,206525522.896,0.154385984541,0.101543289922,1242014860.85,0.167825181378,-3.98399511287,11.4630614599,6.39556383585,-0.102906722885,0.0258065072674,0.0187038404133,0.0099357916696,0.0138833794149,0.023684260398,0.0105738498189,0.0121315552426,0.00964997520716,0.00804930061127,-0.148376744964,-0.0130523737768
9.3,0.416360163278,0.267883777885,212194564.846,0.147480269925,0.0919574141832,1254080763.96,0.15790702515,-3.92578728605,11.3230498588,6.27214243375,-0.105342203896,0.0264275414543,0.0191256875991,0.0103420666976,0.0141284706307,0.0240247065634,0.0105317817699,0.0116490942474,0.00971934443257,0.00826154459073,-0.147946328418,-0.0134888478278
9.4,0.386047472404,0.262025279646,217891967.493,0.140949420471,0.083199283441,1265103607.99,0.148524619803,-3.86723283391,11.1789065119,6.14870230265,-0.107786688881,0.0270488889766,0.0195444148185,0.0107577592742,0.0143688116749,0.0243585274434,0.0104826578291,0.0111689794639,0.00978624191106,0.00847545701184,-0.147521709607,-0.0139274067799
9.5,0.356022090119,0.256133182732,223610913.532,0.134777711683,0.0752116138293,1275155819.45,0.139656136483,-3.80842407909,11.0310464328,6.0254592273,-0.110238700111,0.0276700097659,0.0199595035599,0.0111827326146,0.0146041016768,0.024685451577,0.0104267655892,0.0106937169166,0.00985065794294,0.00869092436524,-0.147102749827,-0.0143673390913
9.6,0.32636182741,0.250215369748,229344481.043,0.128949497904,0.067938409591,1284308137.03,0.131279714155,-3.74944835964,10.879872131,5.90261339757,-0.112696733305,0.0282903564029,0.0203704357724,0.0116168274304,0.0148340480949,0.0250052169626,0.0103644008987,0.0102254888256,0.00991258500028,0.00890782964732,-0.146689315111,-0.0148079071197
9.7,0.297137554251,0.244279777171,235085676.758,0.123449302716,0.0613255165526,1292628926.65,0.123373608902,-3.69038810236,10.7257727576,5.78034982966,-0.115159259373,0.0289093750883,0.0207766952602,0.0120598613141,0.0150583675284,0.0253175715028,0.0102958661924,0.00976616579174,0.00997201769521,0.00912605245939,-0.146281276015,-0.0152483493156
9.8,0.268413169885,0.23833435998,240827470.06,0.118261895155,0.055321036053,1300183670.48,0.115916321106,-3.63132091248,10.5691233974,5.65883883937,-0.117624726242,0.02952650665,0.0211777690923,0.0125116281754,0.0152767864968,0.0256222734235,0.0102214688796,0.00931732314354,0.0100289527457,0.00934546911588,-0.145878507425,-0.015687882643
9.9,0.240245654451,0.232387055841,246562827.377,0.113372353149,0.0498756182256,1307034606.14,0.108886702496,-3.57231967762,10.4102845001,5.53823655783,-0.120091560757,0.0301411875829,0.0215731490178,0.0129718977314,0.0154890421842,0.0259190916644,0.0101415197975,0.00888026029723,0.0100833889387,0.00956595276159,-0.145480888368,-0.0161257052208
10.0,0.212685192613,0.226445749218,252284746.602,0.108766115483,0.0449426530769,1313240493.22,0.102264045076,-3.51345268376,10.2496014394,5.41868548071,-0.122558170655,0.0307528511193,0.0219623328833,0.0134404150604,0.0156948831432,0.026207806241,0.0100563317385,0.00845602211456,0.0101353270912,0.00978737349782,-0.145088301836,-0.0165609991716
10.1,0.185775359649,0.22051823582,257986291.183,0.104429023547,0.0404783766934,1318856485.38,0.0960281537757,-3.4547837417,10.0874041944,5.30031504288,-0.125022946615,0.0313609283251,0.022344826043,0.0139169002219,0.0158940699572,0.0264882085755,0.00996621805612,0.00804542138417,0.0101847700081,0.0100095985175,-0.144700634613,-0.016992933666
10.2,0.15955336042,0.214612187727,263660623.545,0.100347354033,0.036441908402,1323934088.42,0.0901594046244,-3.39637232194,9.92400714267,5.18324221107,-0.127484264369,0.0319648492202,0.0227201427548,0.0144010479514,0.0160863758554,0.0267601017973,0.00987149135588,0.00764906169539,0.0102317224395,0.0102324922487,-0.144317777125,-0.0174206681438
10.3,0.134050311892,0.208735119578,269301037.48,0.0965078436632,0.0327952329777,1328521186.59,0.0846387901029,-3.33827369653,9.75970895546,5.06757208814,-0.129940486877,0.0325640439171,0.0230878075568,0.0148925274337,0.016271587279,0.0270233010113,0.00977246227376,0.00726736011136,0.0102761910343,0.0104559165074,-0.14393962328,-0.0178433556954
10.4,0.109291560272,0.202894356164,274900989.211,0.0928977069498,0.0295031401986,1332662121.89,0.0794479532235,-3.2805390864,9.59479258747,4.953398523,-0.13238996656,0.0331579437758,0.0234473566145,0.0153909821625,0.0164495043964,0.0272776335341,0.0096694383457,0.0069005691765,0.0103181842931,0.0106797306577,-0.143566070327,-0.0182601465803
10.5,0.0852970243657,0.197097001736,280454126.807,0.089504647894,0.0265331322828,1336397813.2,0.0745692117592,-3.22321581275,9.42952535097,4.84080472093,-0.134831047585,0.0337459825695,0.0237983390348,0.0158960298893,0.0166199415633,0.0275229390964,0.00956272296915,0.00654879790845,0.0103577125191,0.0109037917808,-0.143197018725,-0.0186701918596
10.6,0.0620815574154,0.191349911322,285954317.695,0.0863168664616,0.023855308077,1339765904.13,0.0699855739269,-3.16634745127,9.26415906596,4.7298638501,-0.137262068198,0.0343275976578,0.0241403181374,0.0164072626697,0.0167827277278,0.0277590700132,0.0094526144573,0.00621203152515,0.0103947877671,0.0111279548518,-0.142832372005,-0.0190726471168
10.7,0.0396553203806,0.185659664315,291395674.027,0.0833230605807,0.021442231345,1342800930.54,0.0656807467071,-3.10997398811,9.09893027799,4.62063964008,-0.139681363092,0.0349022311628,0.0244728726782,0.0169242470093,0.0169377067775,0.0279858913197,0.00933940518573,0.00589014974361,0.0104294237917,0.0113520729237,-0.142472036654,-0.0194666762398
10.8,0.0180241603965,0.180032540533,296772575.688,0.0805124243358,0.0192687891421,1345534500.1,0.0616391378691,-3.05413197654,8.9340605353,4.5131869693,-0.142087265825,0.0354693311435,0.0247955980188,0.0174465241167,0.0170847378287,0.0282032808739,0.00922338083017,0.00558294355775,0.0104616359935,0.0115759973187,-0.142115921995,-0.0198514552341
10.9,-0.00281001108891,0.174474498945,302079690.802,0.0778746429638,0.0173120450757,1347995478.09,0.0578458526648,-2.99885469341,8.7697567176,4.40755243846,-0.14447811125,0.0360283527644,0.0251081072352,0.0179736102645,0.0172236954555,0.0284111294267,0.00910481969352,0.00529013046059,0.0104914413647,0.0117995778268,-0.141763940074,-0.0202261760384
11.0,-0.0228488452285,0.168991159192,307311993.588,0.0753998851859,0.015551091226,1350210174.6,0.0542866860459,-2.94417229468,8.60621140924,4.30377492783,-0.146852237984,0.0365787594539,0.0254100321602,0.0185049972647,0.0173544698596,0.0286093406571,0.00898399211965,0.00501136812095,0.0105188584336,0.0120226629101,-0.141416005559,-0.0205900503104
11.1,-0.0420971917257,0.163587785984,312464779.49,0.0730787933521,0.0139669016352,1352202529.61,0.050948111171,-2.89011196923,8.44360330969,4.20188613633,-0.149207990881,0.0371200240479,0.0257010243552,0.0190401530608,0.0174769669805,0.0287978311768,0.00886115999083,0.00474626655941,0.0105439072079,0.0122450999134,-0.141072035634,-0.0209423131525
11.2,-0.0605627471011,0.158269276447,317533677.541,0.0709024718166,0.0125421895501,1353994293.17,0.0478172648745,-2.83669809031,8.28209767514,4.10191110113,-0.151543723527,0.0376516299136,0.0259807560055,0.0195785224377,0.0175911085459,0.028976530501,0.00873657630528,0.00449439889322,0.0105666091178,0.0124667352807,-0.140731949904,-0.0212822267455
11.3,-0.0782557178947,0.153040150408,322514659.933,0.0688624739093,0.0112612700063,1355605198.76,0.0448819306918,-2.7839523643,8.12184678502,4.00386869655,-0.153857800732,0.038173072051,0.0262489207355,0.0201195278538,0.0176968320637,0.0291453809882,0.00861048483102,0.00425531073719,0.0105869869582,0.0126874147758,-0.140395670307,-0.0216090838594
11.4,-0.0951885008236,0.147904543604,327404048.845,0.0669507878254,0.0101099288582,1357053128.43,0.0421305199604,-2.73189397605,7.9629904282,3.90777211152,-0.15614860102,0.0386838581648,0.0265052343405,0.0206625703934,0.0177940907569,0.0293043377498,0.00848311983187,0.00402852835841,0.0106050648306,0.0129069837084,-0.14006312102,-0.0219222112112
11.5,-0.111375381366,0.142866203732,332198520.572,0.0651598217092,0.00907529896841,1358354268.85,0.0395520514483,-2.68053973066,7.80565640364,3.81362930501,-0.158414519108,0.0391835097056,0.0267494354302,0.0212070308429,0.017882853441,0.029453368529,0.00835470586103,0.00381356568833,0.0106208680842,0.013125287163,-0.139734228382,-0.0222209726408
11.6,-0.12683225176,0.137928489265,336895107.058,0.063482388172,0.00814574396341,1359523257.75,0.0371361299019,-2.62990419126,7.64996103109,3.72144343925,-0.160653968375,0.0396715628745,0.026981285984,0.0217522708866,0.0179631043489,0.0295924535516,0.008225457618,0.00360993029751,0.0106344232577,0.0133421702326,-0.139408920811,-0.0225047720775
11.7,-0.141576348985,0.133094370883,341491194.951,0.0619116884491,0.00731074972284,1360573320.68,0.0348729238495,-2.57999981251,7.49600966761,3.63121329061,-0.1628653833,0.0401475695875,0.0272005718134,0.0222976344246,0.0180348429019,0.0297215853479,0.00809557986406,0.00341712843694,0.01064575802,0.0135574782533,-0.139087128728,-0.0227730562723
11.8,-0.15562601292,0.128366435381,345984522.33,0.060441296371,0.00656082358529,1361516397.88,0.0327531429492,-2.5308370698,7.34389722634,3.5429336383,-0.165047221869,0.0406110983963,0.0274071029322,0.0228424490068,0.0180980834313,0.0298407685497,0.00796526739164,0.00323466924629,0.0106549011119,0.0137710570428,-0.138768784484,-0.0230253172714
11.9,-0.169000464577,0.123746891865,350373173.253,0.0590651422965,0.00588740111779,1362363261.71,0.0307680151262,-2.48242458373,7.19370869416,3.45659563108,-0.167197967957,0.0410617353619,0.0276007138325,0.0233860273823,0.0181528548525,0.0299500196605,0.00783470504317,0.00306206822414,0.010661882287,0.013982753139,-0.138453822293,-0.0232610946134
12.0,-0.18171960404,0.119237580067,354655570.326,0.0577774971319,0.00528276019571,1363123624.82,0.0289092637047,-2.43476924,7.04551964536,3.37218713252,-0.169316133649,0.0414990848779,0.0277812636666,0.0239276691592,0.0181992002944,0.0300493668024,0.00770406777464,0.00289885004924,0.0106667322536,0.0141924140403,-0.138142178164,-0.0234799772293
12.1,-0.19380382755,0.114839980543,358830465.472,0.0565729565391,0.00473994207066,1363806239.49,0.0271690847082,-2.38787630454,6.89939674879,3.2896930452,-0.171400261522,0.0419227704395,0.0279486363358,0.0244666625683,0.0182371766867,0.0301388494404,0.00757352075964,0.00274455083496,0.010669482617,0.0143998884456,-0.137833789836,-0.0236816050334
12.2,-0.205273862981,0.110555226575,362896929.098,0.0554464254175,0.00425267905816,1364418988.66,0.0255401244704,-2.34174953381,6.75539826642,3.20909561445,-0.173448926868,0.0423324353572,0.0281027404861,0.0250022863272,0.0182668543089,0.0302185180856,0.00744321952939,0.00259871989194,0.0106701658211,0.0146050264941,-0.137528596722,-0.0238656701936
12.3,-0.216150622865,0.106384117537,366854337.879,0.0543931027278,0.00381532844994,1364968969.08,0.0240154576724,-2.29639128033,6.61357454119,3.13037471241,-0.175460739852,0.0427277434109,0.0282435094133,0.0255338115954,0.018288316304,0.0302884339784,0.00731331014484,0.002460921067,0.0106688150923,0.0148076800032,-0.137226539844,-0.0240319180726
12.4,-0.226455074005,0.102327133512,370702361.338,0.0534084667127,0.00342281224287,1365462567.19,0.0225885659009,-2.2518025935,6.47396847288,3.05350810301,-0.177434347601,0.0431083794434,0.0283709008789,0.0260605040131,0.0183016581596,0.0303486687543,0.0071839293966,0.00233073371941,0.0106654643827,0.0150077027056,-0.136927561784,-0.0241801478367
12.5,-0.236208122676,0.0983844509566,374440947.455,0.0524882605567,0.00307056227521,1365905528.11,0.0212533168012,-2.20798331561,6.3366159804,2.97847168864,-0.179368436218,0.0434740498906,0.0284848968403,0.0265816258155,0.0183069871613,0.0303993040927,0.00705520502926,0.00220775338909,0.0106601483145,0.0152049504829,-0.136631606627,-0.0243102127314
12.6,-0.245430514344,0.0945559591867,378070307.473,0.0516284785168,0.002754470367,1366303018.43,0.0200039438816,-2.16493217328,6.2015464497,2.90523973938,-0.181261732718,0.0438244832481,0.0285855030971,0.0270964380119,0.0183044218202,0.0304404313507,0.00692725598629,0.00209159220487,0.0106529021253,0.0153992815965,-0.136338619911,-0.0244220200262
12.7,-0.254142746875,0.0908412774956,381590900.108,0.0508253525478,0.00247084307401,1366659683.05,0.0188350270118,-2.12264686432,6.06878316617,2.8337851055,-0.183113006874,0.0441594304713,0.028672748858,0.0276042026198,0.0182940912792,0.0304721511842,0.00680019267235,0.00198187907553,0.0106437616141,0.0155905569141,-0.136048548578,-0.024515530636
12.8,-0.262364996146,0.0872397727069,385003415.337,0.0500753394364,0.00221636068114,1366979696.86,0.017741473645,-2.08112414007,5.93834373121,2.76407941413,-0.184921072975,0.0444786653092,0.0287466862327,0.0281041849419,0.0182761347013,0.0304945731565,0.00667411722982,0.00187825970078,0.0106327630884,0.0157786401321,-0.135761340925,-0.0245907584269
12.9,-0.270117053045,0.0837505769861,388308757.931,0.0493751084546,0.0019880400803,1367266811.37,0.0167185007827,-2.04035988349,5.81024046225,2.69609325079,-0.186684791485,0.0447819845708,0.0288073896515,0.0285956558759,0.018250700643,0.0305078153372,0.00654912382676,0.0017803964346,0.010619943312,0.0159633979926,-0.135476946564,-0.0246477692193
13.0,-0.277418270831,0.080372605743,391508030.892,0.0487215295337,0.00178320119893,1367524396.99,0.0157616176922,-2.00034918295,5.68448077601,2.62979632674,-0.188403070607,0.0450692083249,0.0288549552185,0.0290778942422,0.0182179464165,0.0305120038926,0.00642529895353,0.00168796802899,0.0106053394545,0.0161447004942,-0.135195316375,-0.0246866795045
13.1,-0.284287521903,0.0771045754744,394602518.934,0.0481116619604,0.00159943666661,1367755481.14,0.0148666093796,-1.96108640191,5.56106755487,2.56515763283,-0.190074867739,0.0453401800311,0.0288895000032,0.029550189119,0.018178037444,0.0305072726687,0.00630272172574,0.00160066928243,0.0105889890412,0.0163224210967,-0.134916402465,-0.0247076548905
13.2,-0.290743163042,0.0739450214103,397593672.136,0.047542743587,0.00143458442956,1367962782.74,0.0140295208139,-1.92256524474,5.43999949634,2.50214558064,-0.191699190823,0.0455947666053,0.028911161275,0.0300118421704,0.0181311466076,0.0304937627689,0.00618146419125,0.00151821061371,0.0105709299047,0.0164964369188,-0.134640158128,-0.0247109082989
13.3,-0.296803008254,0.0708923148412,400483089.885,0.047012180551,0.00128670304395,1368148743.24,0.0132466418941,-1.88477881853,5.32127144555,2.44072813171,-0.193275099586,0.0458328584177,0.0289200956865,0.0304621699545,0.0180774535971,0.0304716221276,0.00606159163925,0.00144031757873,0.0105512001373,0.0166666289274,-0.134366537808,-0.0246966979323
13.4,-0.302484308403,0.0679446800208,403272505.206,0.0465175374898,0.00115404940029,1368315554.69,0.012514493145,-1.84771969146,5.20487471116,2.38087291561,-0.194801706666,0.0460543692265,0.0289164784106,0.0309005061973,0.0180171442598,0.0304410050817,0.00594316290957,0.00136673034544,0.0105298380453,0.0168328821199,-0.134095497063,-0.0246653250379
13.5,-0.307803736852,0.065100210552,405963769.561,0.0460565282416,0.00103505865082,1368465184.93,0.0118298121261,-1.81137994739,5.09079736469,2.32254733747,-0.196278178619,0.0462592360468,0.0289005022371,0.0313262040205,0.0179504099536,0.0304020719398,0.00582623070068,0.00129720313921,0.0105068821039,0.0169950856967,-0.133826992526,-0.0246171314891
13.6,-0.312777380416,0.0623568851786,408558838.205,0.0456270070154,0.000928326131371,1368599400.38,0.0111895405334,-1.77575123727,4.9790245239,2.26571867571,-0.197703736817,0.0464474189579,0.0288723766349,0.0317386381081,0.017877446908,0.0303549885531,0.00571084187486,0.00123150366955,0.0104823709135,0.0171531332247,-0.133560981877,-0.0245524972124
13.7,-0.31742073497,0.0597125829205,411059756.136,0.045226960016,0.000832591086715,1368719786.47,0.0105908119731,-1.74082482717,4.86953862023,2.21035417065,-0.199077658214,0.0466189008491,0.0288323267836,0.0321372067997,0.017798455594,0.0302999258861,0.00559703775934,0.00116941254659,0.0104563431582,0.017306922792,-0.133297423804,-0.024471837484
13.8,-0.321748705096,0.0571650975,413468644.71,0.044854497508,0.000746722025409,1368827766.07,0.0100309403847,-1.70659164325,4.76231965106,2.15642110457,-0.200399276006,0.0467736871083,0.0287805925825,0.0325213340977,0.0177136401051,0.0302370595914,0.0054848544423,0.00111072269473,0.0104288375646,0.0174563571513,-0.133036277976,-0.0243756001221
13.9,-0.32577560724,0.0547121510221,415787688.937,0.044507846301,0.00066970354573,1368924616.08,0.00950740908807,-1.67304231384,4.65734541706,2.10388687385,-0.20166798016,0.0469118052531,0.0287174276407,0.032890471576,0.0176232075534,0.0301665695876,0.00537432306275,0.00105523876932,0.0103998928623,0.0176013438539,-0.132777505011,-0.024264262601
14.0,-0.329515175862,0.052351406881,418019125.499,0.0441853426396,0.000600624488724,1369011482.28,0.00901786043205,-1.64016720859,4.55459174518,2.05271905374,-0.202883217825,0.047033304509,0.0286430982533,0.0332441001787,0.01752736748,0.0300886396423,0.00526547009359,0.00100277658104,0.0103695477465,0.0177417953721,-0.13252106645,-0.0241383291115
14.1,-0.332980572137,0.0500804818757,420165231.496,0.0438854254796,0.000538667287738,1369089392.77,0.00856008601662,-1.60795647503,4.45403269781,2.00288545628,-0.204044493622,0.0471382553372,0.028557882371,0.0335817318985,0.0174263312842,0.030003456961,0.00515831761703,0.000953162531834,0.0103378408409,0.0178776292115,-0.132266924724,-0.0239983275923
14.2,-0.336184394791,0.0478969575267,422228313.936,0.0436066301347,0.000483098396059,1369159270.0,0.00813201746564,-1.57640007255,4.35564076861,1.95435418194,-0.205151369817,0.0472267489128,0.0284620685654,0.0339029113236,0.0173203116705,0.0299112117836,0.00505288359191,0.000906233065206,0.0103048106629,0.0180087680107,-0.13201504313,-0.023844806756
14.3,-0.339138692716,0.0457983905937,424210699.961,0.0433475822744,0.000433259685507,1369221941.57,0.00773171772388,-1.54548780403,4.2593870656,1.90709366538,-0.206203466369,0.0472988965598,0.028355954997,0.0342072170452,0.0172095221172,0.0298120969876,0.00494918211241,0.000861834133336,0.0102704955898,0.0181351396308,-0.131765385807,-0.0236783331308
14.4,-0.341854979019,0.0437823228019,426114727.808,0.0431069922575,0.000388560719074,1369278149.94,0.00735737285358,-1.51520934506,4.16524148204,1.86107271582,-0.207200460864,0.0473548291431,0.0282398483887,0.0344942629176,0.0170941763656,0.0297063077012,0.00484722365795,0.00081982068246,0.0102349338267,0.0182566772327,-0.131517917707,-0.0234994881404
14.5,-0.344344246239,0.0418462897895,427942738.49,0.0428836497832,0.000348471810084,1369328561.21,0.00700728430606,-1.48555427116,4.07317285562,1.81626055246,-0.208142088335,0.0473946964222,0.0281140630107,0.034763699163,0.0169744879327,0.029594040925,0.00474701533374,0.000780056157814,0.0101981633752,0.0183733193418,-0.131272604573,-0.0233088652394
14.6,-0.346616982447,0.0399878292962,429697068.18,0.0426764188439,0.000312517788829,1369373772.9,0.00667986164452,-1.45651208283,3.98314911654,1.77262683532,-0.209028140964,0.0474186663698,0.0279789196791,0.0350152133162,0.0168506696463,0.0294754951645,0.00464856110215,0.000742412028845,0.0101602220045,0.0184850099022,-0.131029412917,-0.0231070671233
14.7,-0.348683188024,0.0382044886141,431380041.282,0.0424842329641,0.00028027240541,1369414321.02,0.00637361569445,-1.42807222875,3.89513742507,1.73014169186,-0.209858467672,0.0474269244587,0.0278347447738,0.035248531004,0.0167229332051,0.0293508700727,0.00455186200445,0.000706767335125,0.0101211472231,0.0185916983182,-0.130788309996,-0.0228947030276
14.8,-0.350552392903,0.036493831329,432993964.147,0.0423060907085,0.000251353304504,1369450686.37,0.00608715209918,-1.40022412712,3.809104299,1.68877573975,-0.21063297361,0.0474196729196,0.0276818692773,0.0354634165564,0.0165914887628,0.0292203661044,0.00445691637319,0.000673008253113,0.0100809762522,0.0186933394838,-0.130549263791,-0.0226723861306
14.9,-0.352233674106,0.0348534433803,434541119.433,0.0421410514455,0.000225417514154,1369483300.24,0.00581916525862,-1.37295718535,3.72501573166,1.64850010619,-0.211351619534,0.0473971299747,0.0275206278389,0.0356596734478,0.0164565445372,0.0290841841824,0.00436372003499,0.000641027683681,0.0100397460006,0.0187898938005,-0.130312242985,-0.0224407310724
15.0,-0.353735673431,0.0332809384721,436023761.055,0.0419882313511,0.000202157396435,1369512549.49,0.00556843263,-1.34626081805,3.64283730086,1.60928644387,-0.212014421085,0.0473595290494,0.0273513578665,0.035837144566,0.0163183064447,0.0289425253755,0.00427226650398,0.000610724860144,0.0099974930403,0.0188813271837,-0.130077216946,-0.0222003515991
15.1,-0.355066615144,0.0317739628677,437444109.709,0.0418467996383,0.000181297013044,1369538781.11,0.00533380937043,-1.3201244636,3.56253426941,1.57110694413,-0.212621447969,0.0473071179662,0.027174398649,0.0359957123114,0.0161769777591,0.0287955905895,0.00418254716584,0.000582004976399,0.0099542535847,0.0189676110568,-0.129844155704,-0.0219518583418
15.2,-0.356234323577,0.0303301996016,438804348.926,0.0417159750007,0.000162588863586,1369562306.32,0.00511422330174,-1.29453759926,3.48407167759,1.53393434736,-0.213172823044,0.0472401581234,0.0269900905102,0.0361352985269,0.0160327587961,0.0286435802705,0.00409455145277,0.000554778834648,0.00991006346681,0.0190487223343,-0.129613029936,-0.0216958567364
15.3,-0.35724624054,0.0289473721446,440106621.64,0.0415950222545,0.000145810958556,1369583404.27,0.0049086701789,-1.26948975491,3.40741442803,1.49774195097,-0.213668721319,0.047158923663,0.0267987739988,0.0362558642613,0.0158858466224,0.0284866941217,0.00400826700943,0.000528962512117,0.00986495811953,0.0191246433937,-0.129383810944,-0.021432945089
15.4,-0.358109442449,0.027623247555,441353027.22,0.0414832491683,0.000130764192851,1369602325.34,0.00471620924431,-1.24497052566,3.33252736354,1.46250361523,-0.214109368865,0.0470637006301,0.0266007891128,0.0363574093708,0.0157364347893,0.0283251308334,0.00392367985007,0.000504477046107,0.00981897255697,0.0191953620358,-0.129156470642,-0.0211637127918
15.5,-0.358830657123,0.0263556391526,442545618.945,0.041380003469,0.000117269989103,1369619294.08,0.00453595905091,-1.22096958316,3.25937533827,1.42819376702,-0.214495041647,0.0469547861276,0.0263964745623,0.0364399719639,0.0155847130902,0.0281590878262,0.00384077450715,0.000481248136674,0.00977214135706,0.0192608714352,-0.128930981535,-0.0208887386882
15.6,-0.359416280189,0.0251424087475,443686401.883,0.0412846700103,0.000105168183223,1369634511.91,0.00436709353782,-1.1974766859,3.18792328257,1.39478740183,-0.214826064285,0.0468324874689,0.0261861670705,0.0365036276945,0.0154308673415,0.0279887610073,0.00375953417165,0.00045920586621,0.00972449864534,0.0193211700795,-0.128707316705,-0.0206085895909
15.7,-0.359872391048,0.0239814684575,444777331.148,0.0411966680952,9.4315127371e-05,1369648159.45,0.00420883834318,-1.17448168847,3.11813626201,1.36226008415,-0.215102808735,0.0466971213314,0.0259702007137,0.0365484889124,0.0152750791872,0.0278143445409,0.00367994082529,0.000438284435168,0.00967607808003,0.0193762616992,-0.128485449795,-0.0203238189498
15.8,-0.360204768367,0.0228707821467,445820310.501,0.0411154489406,8.45819880468e-05,1369660398.71,0.0040604673395,-1.1519745499,3.04997953096,1.33058794638,-0.215325692915,0.0465490129146,0.025748906302,0.036574703677,0.0151175259249,0.0276360306316,0.00360197536506,0.000418421913197,0.00962691283812,0.0194261551875,-0.128265354995,-0.0200349656686
15.9,-0.360418905076,0.0218083665156,446817191.269,0.0410404932743,7.58532193161e-05,1369671375.0,0.00392129937752,-1.12994534101,2.98341858095,1.29974768646,-0.215495179264,0.0463884951043,0.0255226107988,0.0365824546445,0.014958380354,0.027454009321,0.00352561772017,0.000399560004915,0.0095770356028,0.0194708645106,-0.128047007024,-0.0197425530662
16.0,-0.360520022852,0.0207922918731,447769771.548,0.0409713090546,6.80251931814e-05,1369681218.61,0.00379069522538,-1.1083842511,2.91841918433,1.26971656429,-0.215611773248,0.0462159076455,0.0252916367816,0.0365719578371,0.014797810644,0.0272684682974,0.00345084696185,0.000381643829601,0.00952647855179,0.0195104086101,-0.127830381119,-0.0194470879798
16.1,-0.360513086058,0.0198206826174,448679795.672,0.0409074293038,6.10049709705e-05,1369690046.42,0.00366805469055,-1.0872815937,2.85494743347,1.24047239721,-0.215676021816,0.0460315963278,0.0250563019426,0.0365434613043,0.0146359802239,0.0270795927193,0.00337764140625,0.000364621714068,0.00947527334685,0.0195448112956,-0.127615453021,-0.0191490600046
16.2,-0.360402815162,0.018891717454,449548953.911,0.0408484100458,5.47092012523e-05,1369697963.25,0.00355281391259,-1.06662781178,2.79296977572,1.21199355447,-0.215688511812,0.0458359121839,0.0248169186285,0.0364972436874,0.0144730476894,0.0268875650504,0.00330597871062,0.000348444998017,0.00942345112435,0.0195741011309,-0.127402198959,-0.0188489408631
16.3,-0.360193699594,0.0180036293751,450378882.389,0.0407938283404,4.90631312751e-05,1369705063.08,0.00344444281536,-1.0464134821,2.73245304468,1.18425895098,-0.215649868346,0.0456292107041,0.0245737934205,0.0364336126958,0.0143091667295,0.0266925649085,0.0032358359633,0.000333067851186,0.00937104248675,0.0195983113114,-0.12719059564,-0.0185471839007
16.4,-0.35989001008,0.0171547054246,451171163.178,0.0407432804052,4.39997202548e-05,1369711430.24,0.00334244270815,-1.02662931917,2.67336448769,1.15724804029,-0.215560753136,0.0454118510684,0.0243272267519,0.0363529035093,0.0141444860696,0.0264947689259,0.00316718976753,0.000318447101638,0.00931807749518,0.0196174795353,-0.126980620237,-0.018244223698
16.5,-0.359495810419,0.0163432862707,451927324.574,0.0406963798176,3.94588440345e-05,1369717140.31,0.00324634402531,-1.00726617843,2.61567179019,1.13094080702,-0.215421862811,0.0451841953986,0.0240775125641,0.0362554771142,0.0139791494312,0.0262943506223,0.00310001631959,0.000304542074547,0.00926458566281,0.0196316478684,-0.126772250372,-0.017940475795
16.6,-0.359014968746,0.0155677656064,452648841.506,0.040652755789,3.53865817153e-05,1369722261.11,0.00315570419499,-0.988315059064,2.55934309686,1.10531775871,-0.215233927202,0.044946608031,0.0238249379995,0.0361417185865,0.0138132955079,0.0260914802893,0.00303429148139,0.000291314440888,0.00921059594929,0.0196408626023,-0.126565464112,-0.0176363365195
16.7,-0.358451168259,0.0148265893984,453337136.082,0.0406120515049,3.17345758184e-05,1369726853.45,0.00307010562768,-0.969767106236,2.50434702998,1.08035991725,-0.214997707606,0.0446994548116,0.0235697831295,0.0360120353325,0.0136470579546,0.0258863248862,0.00296999084791,0.000278728075433,0.00915613675592,0.0196451741081,-0.126360239951,-0.0173321829117
16.8,-0.357807917443,0.0141182549999,453993578.246,0.0405739225218,2.84594584092e-05,1369730971.85,0.00298915381594,-0.951613612923,2.45065270518,1.05604880994,-0.214713995037,0.0444431024157,0.0233123207175,0.0358668552975,0.0134805653912,0.0256790479472,0.00290708980969,0.000266748923518,0.00910123592178,0.0196446366845,-0.126156556803,-0.0170283727386
16.9,-0.357088559787,0.0134413101459,454619486.523,0.0405380352165,2.55223363892e-05,1369734665.23,0.00291247553705,-0.933846021314,2.39822974472,1.03236646018,-0.214383608474,0.044177917692,0.0230528160157,0.035706625154,0.0133139414192,0.0254698094992,0.00284556361055,0.00025534487605,0.00904592072055,0.0196393084018,-0.125954393989,-0.0167252445907
17.0,-0.356296283027,0.0127943518443,455216128.852,0.040504065278,2.28883298617e-05,1369737977.45,0.00283971715078,-0.916455923844,2.34704828858,1.00929537797,-0.214007393095,0.0439042670321,0.0227915265928,0.0355318084781,0.0131473046496,0.0252587659901,0.00278538740106,0.000244485652251,0.00899021785823,0.0196292509421,-0.125753731229,-0.0164231180526
17.1,-0.355434127902,0.0121760251768,455784723.481,0.040471696239,2.05261581024e-05,1369740947.84,0.00277054298478,-0.899435063866,2.29707900347,0.986818550157,-0.213586218521,0.0436225157675,0.0225287021935,0.0353428839269,0.0129807687416,0.0250460702269,0.0027265362876,0.000234142689679,0.00893415347146,0.0196145294362,-0.12555454863,-0.0161222939423
17.2,-0.35450499647,0.0115850220226,456326439.916,0.0404406180369,1.84077682291e-05,1369743611.68,0.00270463380055,-0.882775336022,2.24829308997,0.964919430535,-0.213120977054,0.0433330275936,0.0222645846267,0.0351403434229,0.0128144424525,0.0248318713231,0.00266898537771,0.000224289041061,0.00887775312671,0.0195952122979,-0.125356826678,-0.0158230546099
17.3,-0.353511659977,0.0110200797147,456842399.914,0.0404105256012,1.65080021709e-05,1369746000.61,0.00264168533316,-0.866468786299,2.20066228797,0.943581929819,-0.212612581935,0.0430361640207,0.021999407681,0.0349246903574,0.0126484296952,0.0246163146565,0.00261270982151,0.000214899277548,0.00882104181999,0.0195713710553,-0.125160546227,-0.0155256642917
17.4,-0.352456766303,0.0104799796403,457333678.509,0.0403811174581,1.48042979877e-05,1369748142.98,0.00258140689827,-0.850507611841,2.15415888046,0.922790405554,-0.212061965604,0.0427322838546,0.0217333970676,0.0346964378196,0.0124828296055,0.0243995418344,0.00255768484973,0.000205949397959,0.00876404397729,0.0195430801814,-0.124965688493,-0.0152303695101
17.5,-0.351342847,0.00996354579347,457801305.052,0.0403520943485,1.32764219997e-05,1369750064.26,0.00252352006029,-0.834884160502,2.10875569595,0.902529651971,-0.211470077983,0.0424217427045,0.0214667703871,0.0344561068597,0.0123177366163,0.0241816906679,0.00250388580844,0.000197416743667,0.00870678345564,0.0195104169227,-0.124772235041,-0.0149373995159
17.6,-0.350172323948,0.00946964328729,458246264.276,0.0403231578519,1.19062285493e-05,1369751787.26,0.00246775735565,-0.819590930185,2.06442610954,0.882784889833,-0.210837884775,0.0421048925192,0.0211997371196,0.0342042247932,0.0121532405388,0.0239628951546,0.00245128819065,0.000189279918761,0.00864928354471,0.0194734611271,-0.124580167778,-0.0146469667654
17.7,-0.348947515626,0.0089971768344,458669497.357,0.0402940090099,1.06774445473e-05,1369753332.43,0.00241386106563,-0.804620567979,2.02114404283,0.863541756295,-0.210166365793,0.0417820811534,0.0209324986374,0.0339413235536,0.0119894266499,0.0237432854678,0.00239986766503,0.000181518715162,0.00859156696899,0.0194322950719,-0.124389468948,-0.0143592674273
17.8,-0.347670643035,0.00854508919998,459071902.975,0.0402643469439,9.57547624657e-06,1369754718.14,0.00236158203302,-0.789965869113,1.97888396267,0.8447862948,-0.209456513305,0.0414536519601,0.0206652482369,0.0336679380977,0.0118263757851,0.0235229879541,0.00234960010192,0.000174114042371,0.00853365589046,0.019387003291,-0.12420012112,-0.0140744819142
17.9,-0.346343835275,0.00811235963376,459454338.373,0.0402338674602,8.58723595125e-06,1369755960.83,0.00231067851755,-0.775619775753,1.93762087905,0.826504945044,-0.208709330419,0.0411199434132,0.0203981711902,0.0333846048708,0.0116641644359,0.0233021251369,0.00230046159675,0.000167047861565,0.00847557191183,0.0193376724042,-0.124012107179,-0.0137927754337
18.0,-0.344969134797,0.00769800228488,459817620.39,0.0402022616362,7.70098660505e-06,1369757075.28,0.00226091508468,-0.76157537564,1.89733034196,0.808684533012,-0.207925829494,0.0407812887565,0.0201314448139,0.033091860335,0.0115028648514,0.023080815727,0.00225242849114,0.000160303123764,0.00841733608011,0.0192843909458,-0.123825410326,-0.0135142985551
18.1,-0.343548502349,0.0073010646037,460162526.48,0.0401692143814,6.90620241487e-06,1369758074.7,0.00221206152296,-0.747825900609,1.8579884376,0.791312261123,-0.207107030587,0.0404380156814,0.0198652385537,0.032790239565,0.0113425451439,0.0228591746387,0.00220547739174,0.000153863711815,0.00835896889079,0.0192272491954,-0.123640014061,-0.0132391877862
18.2,-0.342083821623,0.00692062573335,460489795.711,0.0401344029666,6.19344385535e-06,1369758970.98,0.00216389178488,-0.734364724985,1.81957178376,0.774375698483,-0.206253959941,0.0400904460301,0.0195997140837,0.0324802749147,0.0111832693966,0.0226373130121,0.00215958518703,0.000147714385939,0.00830049029228,0.0191663390109,-0.123455902183,-0.0129675661579
18.3,-0.340576903626,0.00655579489369,460800129.723,0.0400974955144,5.55424557084e-06,1369759774.77,0.00211618294654,-0.721185363871,1.78205752462,0.757862771259,-0.205367648507,0.0397388955265,0.0193350254197,0.0321624947565,0.0110250977744,0.0224153382399,0.00211472906214,0.000141840732637,0.0082419196908,0.0191017536627,-0.123273058779,-0.0126995438126
18.4,-0.339029490778,0.00620570975929,461094193.662,0.0400581494446,4.98101584441e-06,1369760495.59,0.00206871418139,-0.708281471354,1.74542332502,0.741761753206,-0.204449130512,0.0393836735325,0.0190713190435,0.031837422297,0.0108680866364,0.0221933540002,0.00207088651192,0.00013622911672,0.00818327595565,0.019033587671,-0.12309146822,-0.0124352185924
18.5,-0.337443260769,0.00586953483289,461372617.072,0.0400160098669,4.46694644042e-06,1369761142.03,0.00202126574333,-0.69564683862,1.7096473641,0.726061256324,-0.203499442068,0.039025082829,0.0188087340384,0.0315055744682,0.0107122886499,0.0219714602926,0.00202803535232,0.000130866636279,0.00812457742477,0.0189619366455,-0.122911115153,-0.0121746766253
18.6,-0.335819830169,0.00554645981503,461635994.747,0.0399707079136,4.00593175041e-06,1369761721.74,0.00197361795464,-0.68327539201,1.67470832865,0.710750221685,-0.202519619823,0.0386634194219,0.0185474022353,0.0311674608974,0.0105577529053,0.02174975348,0.00198615373024,0.000125741080406,0.00806584191064,0.0188868971282,-0.122731984495,-0.0119179929069
18.7,-0.334160757813,0.00523569797003,461884887.543,0.0399218590055,3.59249628248e-06,1369762241.63,0.00192555019406,-0.671161191004,1.64058540599,0.69581791042,-0.201510699665,0.0382989723714,0.0182874483656,0.0308235829541,0.0104045250316,0.0215283263327,0.00194522013191,0.000120840889487,0.00800708670643,0.0188085664403,-0.122554061426,-0.0116652318738
18.8,-0.332467547979,0.00493648448841,462119823.136,0.0398690610416,3.2217296333e-06,1369762707.86,0.00187683988054,-0.659298426164,1.60725827652,0.681253894868,-0.200473715467,0.0379320236438,0.018028990223,0.0304744328759,0.0102526473126,0.0213072680776,0.00190521338999,0.00011615511791,0.00794832859246,0.0187270425312,-0.122377331385,-0.0114164479692
18.9,-0.330741653352,0.00464807484479,462341296.739,0.0398118925059,2.88922817055e-06,1369763125.98,0.00182726144785,-0.647681417028,1.57470710603,0.667048049908,-0.199409697882,0.0375628479864,0.017772138831,0.03012049297,0.0101021588021,0.0210866644492,0.00186611268938,0.000111673399034,0.00788958384289,0.0186424238329,-0.122201780061,-0.0111716861961
19.0,-0.328984477814,0.00436974315058,462549771.758,0.0397499104819,2.59104273361e-06,1369763500.94,0.00177658530565,-0.636304609972,1.54291253768,0.653190544466,-0.198319673188,0.0371917128219,0.0175169986159,0.0297622348929,0.00995309543956,0.020866597745,0.00182789757194,0.000107385912274,0.0078308682326,0.0185548091173,-0.122027393391,-0.0109309826592
19.1,-0.327197379036,0.00410078049982,462745680.406,0.0396826485658,2.32363173125e-06,1369763837.21,0.00172457678207,-0.625162576042,1.5118556839,0.639671833199,-0.197204662179,0.0368188781646,0.0172636675847,0.0294001190033,0.00980549016433,0.0206471468825,0.00179054794016,0.000103283352172,0.00777219704434,0.0184642973585,-0.121854157553,-0.0106943650926
19.2,-0.325381670915,0.00384049330667,462929424.25,0.0396096146697,2.0838190796e-06,1369764138.77,0.00167099504315,-0.614250008763,1.481518118,0.626482648365,-0.196065679111,0.0364445965546,0.0170122375062,0.0290345937891,0.00965937302954,0.0204283874587,0.00175404405985,9.93568993246e-05,0.00771358507596,0.0183709875989,-0.12168205896,-0.0104618533729
19.3,-0.323538625848,0.00358820163217,463101374.701,0.0395302887042,1.86875648086e-06,1369764409.2,0.00161559198416,-0.603561721936,1.45188186572,0.613613991881,-0.194903730695,0.0360691130112,0.0167627940952,0.028666095365,0.00951477131422,0.0202103918128,0.00171836656197,9.55981930567e-05,0.00765504664793,0.0182749788201,-0.121511084253,-0.0102334600161
19.4,-0.321669476848,0.00334323749808,463261873.454,0.03944412013,1.67588959478e-06,1369764651.73,0.00155811108793,-0.593092647417,1.42292939665,0.601057127555,-0.193719815139,0.0356926650035,0.0165154171991,0.0282950470396,0.00937170963422,0.019993229089,0.00168349644361,9.19993057237e-05,0.00759659561088,0.0181763698187,-0.121341220302,-0.0100091906589
19.5,-0.319775419533,0.00310494318498,463411232.849,0.0393505253687,1.50292770131e-06,1369764869.23,0.00149828624479,-0.582837832904,1.3946436156,0.588803573515,-0.192514921242,0.0353154824378,0.0162701809852,0.0279218589484,0.00923021005148,0.0197769653027,0.00164941506829,8.85527185482e-05,0.00753824535338,0.018075259086,-0.121172454195,-0.00978904452252
19.6,-0.317857613969,0.00287266951151,463549736.181,0.03924888506,1.34781649401e-06,1369765064.28,0.00143584052913,-0.572792439703,1.36700785388,0.576845094811,-0.191290027539,0.0349377876599,0.0160271541294,0.0275469277504,0.00909029218143,0.0195616634067,0.0016161041655,8.52512988899e-05,0.00748000880976,0.017971744694,-0.121004773234,-0.00957301485968
19.7,-0.315917186397,0.00264577409152,463677637.935,0.0391385411545,1.2087136813e-06,1369765239.2,0.0013704849267,-0.562951740517,1.34000586059,0.565173696216,-0.190046101492,0.0345597954734,0.0157864000049,0.0271706363857,0.00895197329845,0.0193473833596,0.0015835458297,8.20882788619e-05,0.00742189846806,0.0178659241849,-0.120838164936,-0.00936108938354
19.8,-0.313955230841,0.00242361956549,463795163.958,0.0390187938282,1.08396710562e-06,1369765396.06,0.00130191700732,-0.553311117227,1.31362179388,0.553781615192,-0.188784098738,0.0341817131705,0.0155479768705,0.0267933538914,0.00881526843922,0.0191341821946,0.00155172251871,7.90572352083e-05,0.00736392637803,0.0177578944663,-0.120672617019,-0.00915325067923
19.9,-0.311972810604,0.00220557180216,463902511.559,0.038888898207,9.72095120808e-07,1369765536.74,0.00122981953674,-0.543866058693,1.28784021221,0.542661315051,-0.187504962371,0.0338037405768,0.0153119380577,0.0264154352712,0.00868019050388,0.0189221140894,0.00152061705161,7.61520703659e-05,0.00730610415927,0.0176477517111,-0.120508117406,-0.00894947659759
20.0,-0.309970959665,0.00199099806637,463999849.527,0.0387480608849,8.71768994547e-07,1369765662.9,0.00115385902175,-0.534612158558,1.2626460657,0.531805478287,-0.18620962229,0.0334260701072,0.0150783321567,0.026037221418,0.0085467503548,0.0187112304363,0.00149021260617,7.33669946353e-05,0.00724844300932,0.017535591263,-0.120344654218,-0.00874974063122
20.1,-0.307950683981,0.00177926514855,464087318.091,0.0385954362236,7.81797126939e-07,1369765776.04,0.00107368418178,-0.525545113079,1.23802468747,0.52120700009,-0.184898994582,0.033048886834,0.0148472032011,0.0256590390838,0.00841495691306,0.018501579913,0.00146049271587,7.06965093943e-05,0.00719095371189,0.017421507546,-0.120182215767,-0.00855401227292
20.2,-0.305912962691,0.00156973745113,464165028.783,0.0384301224165,7.01110897788e-07,1369765877.5,0.000988924340449,-0.51666071897,1.21396178504,0.510858982032,-0.183573980955,0.0326723685648,0.0146185908491,0.0252812008955,0.00828481725234,0.018293208554,0.00143144126655,6.81353912887e-05,0.00713364664506,0.0173055939799,-0.120020790555,-0.00836225735698
20.3,-0.303858749249,0.0013617750268,464233064.238,0.0382511573005,6.28751974477e-07,1369765968.49,0.00089918772989,-0.507954871263,1.19044343183,0.500754725924,-0.182235468214,0.0322966859299,0.0143925305637,0.0249040054133,0.00815633669037,0.0180861598214,0.00140304249272,6.56786773398e-05,0.00707653178952,0.0171879429005,-0.11986036727,-0.00817443838319
20.4,-0.301788972467,0.00115473156356,464291477.895,0.0380575138993,5.63860929732e-07,1369766050.09,0.00080405970031,-0.499423561199,1.16745605872,0.490887727847,-0.180884327791,0.0319220024788,0.014169053789,0.0245277372268,0.00802951887777,0.017880474676,0.00137528097356,6.3321650914e-05,0.00701961873681,0.017068645484,-0.119700934781,-0.00799051482436
20.5,-0.299704537491,0.000947952310684,464340293.628,0.0378480956801,5.05667034079e-07,1369766123.27,0.000703100827113,-0.491062874138,1.14498644571,0.481251672343,-0.179521415302,0.0315484747846,0.013948188124,0.0241526670882,0.00790436588433,0.0176761916486,0.00134814162869,6.10598284999e-05,0.00696291669756,0.0169477916775,-0.119542482132,-0.00781044341739
20.6,-0.297606326708,0.000740771940141,464379505.274,0.0376217315039,4.53479101757e-07,1369766188.89,0.000595844907175,-0.482868987494,1.12302171368,0.471840426773,-0.178147570163,0.0311762525557,0.0137299574927,0.0237790520776,0.0077808782826,0.0174733469102,0.00132160971366,5.88889472455e-05,0.00690643450973,0.0168254701333,-0.119384998546,-0.00763417843846
20.7,-0.29549520059,0.000532512337172,464409076.077,0.03737717025,4.06677281382e-07,1369766247.74,0.000481796835721,-0.474838168703,1.10154931627,0.462648035836,-0.176763615237,0.0308054787537,0.0135143823108,0.0234071357986,0.00765905522891,0.0172719743424,0.00129567081532,5.68049532081e-05,0.00685018064679,0.0167017681485,-0.119228473411,-0.00746167196274
20.8,-0.293371998474,0.000322480313795,464428938.041,0.0371130750944,3.64705693849e-07,1369766300.52,0.000360430354568,-0.466966773216,1.08055703182,0.453668716241,-0.175370356522,0.0304362897181,0.0133014796489,0.0230371486008,0.00753889454174,0.0170721056075,0.00127031084688,5.48039902737e-05,0.00679416322591,0.0165767716094,-0.119072896284,-0.00729287410919
20.9,-0.291237539295,0.000109965238638,464438991.17,0.0368280174198,3.27065830035e-07,1369766347.85,0.000231185662119,-0.459251242517,1.06003295554,0.444896851536,-0.173968582883,0.030068815295,0.0130912633913,0.0226693078257,0.00742039277747,0.0168737702171,0.00124551604297,5.28823897068e-05,0.00673839001609,0.0164505649397,-0.118918256888,-0.00712773327081
21.0,-0.289092622264,-0.000105763423723,464439102.622,0.0365204703345,2.93310629901e-07,1369766390.3,9.34668749193e-05,-0.45168810218,1.03996549169,0.436326987086,-0.172559065813,0.0297031789716,0.0128837443913,0.0223038180758,0.00730354530348,0.0166769956007,0.00122127295445,5.10366602906e-05,0.00668286844625,0.0163232310539,-0.1187645451,-0.00696619633091
21.1,-0.286938027495,-0.000325458670987,464429105.748,0.036188801777,2.63039172652e-07,1369766428.37,-5.33606699435e-05,-0.44427395995,1.02034334592,0.427953825195,-0.171142559239,0.0293394980138,0.0126789306224,0.0219408715009,0.00718834636869,0.0164818071736,0.00119756844317,4.92634790241e-05,0.00662760561325,0.0161948513147,-0.11861175096,-0.00680820886602
21.2,-0.284774516594,-0.000549898626231,464408799.024,0.035831267182,2.35891914904e-07,1369766462.5,-0.00020997328294,-0.437005503861,1.00115551781,0.419772220377,-0.169719799355,0.0289778836079,0.0124768273244,0.0215806481017,0.00707478917152,0.0162882284032,0.00117438967665,4.75596823417e-05,0.00657260828987,0.0160655054951,-0.118459864657,-0.00665371533576
21.3,-0.282602833209,-0.000779889313389,464377944.866,0.0354460016816,2.11546420298e-07,1369766493.12,-0.000377091972634,-0.429879500382,0.982391293479,0.411777174764,-0.168291504491,0.0286184410046,0.0122774371468,0.0212233160477,0.00696286592534,0.0160962808753,0.00115172412266,4.59222578238e-05,0.00651788293274,0.0159352717439,-0.118308876533,-0.00650265926042
21.4,-0.280423703528,-0.00101626755284,464336268.333,0.0350310118172,1.89713529838e-07,1369766520.57,-0.000555485691255,-0.422892792599,0.964040238325,0.403963833647,-0.166858375017,0.028261269666,0.0120807602864,0.020869032007,0.00685256792138,0.0159059843588,0.00112955954377,4.43483363705e-05,0.00646343569012,0.0158042265555,-0.118158777077,-0.00635498338664
21.5,-0.278237836766,-0.00125990398502,464283455.701,0.0345841667336,1.70133927474e-07,1369766545.19,-0.000745974788575,-0.416042298425,0.946092189952,0.396327481153,-0.165421093275,0.0279064634142,0.0118867946218,0.0205179414851,0.00674388558922,0.0157173568695,0.00110788399183,4.283518481e-05,0.00640927240971,0.0156724447444,-0.118009556923,-0.00621062984176
21.6,-0.276045925594,-0.00151170623005,464219152.913,0.0341031888292,1.52575060135e-07,1369766567.27,-0.000949434688099,-0.40932500885,0.928537251207,0.388863536059,-0.163980323537,0.0275541105809,0.0116955358424,0.0201701791733,0.00663680855482,0.0155304147328,0.00108668580246,4.13801989159e-05,0.00635539864628,0.0155399994216,-0.117861206846,-0.00606954027736
21.7,-0.27384864656,-0.00177262219164,464142963.9,0.0335856438344,1.36828375632e-07,1369766587.07,-0.00116679980028,-0.40273798622,0.911365783362,0.381567547716,-0.162536711995,0.0272042941594,0.0115069775741,0.0198258693013,0.00653132569624,0.0153451726456,0.0010659535895,3.99808968098e-05,0.00630181966928,0.0154069619769,-0.11771371776,-0.00593165600256
21.8,-0.271646660469,-0.00204364351348,464054448.759,0.0330289302892,1.22706845623e-07,1369766604.83,-0.00139906768826,-0.396278362549,0.894568399449,0.374435192111,-0.161090886779,0.0268570919557,0.0113211115001,0.0194851259959,0.00642742519697,0.0151616437362,0.0010456762395,3.8634912727e-05,0.00624854047033,0.0152734020625,-0.117567080715,-0.00579691810742
21.9,-0.269440612744,-0.0023258091963,463953121.791,0.0324302683928,1.10042744225e-07,1369766620.76,-0.00164730350246,-0.389943337866,0.878135957727,0.367462268041,-0.159643457994,0.0265125767404,0.0111379274777,0.0191480536414,0.00632509459712,0.0149798396244,0.00102584290616,3.73399911225e-05,0.00619556577061,0.0151393875814,-0.117421286896,-0.00566526757718
22.0,-0.267231133764,-0.00262020938402,463838449.402,0.0317866881969,9.86856558854e-08,1369766635.04,-0.001912644701,-0.383730178593,0.862059555293,0.360644693406,-0.158195017786,0.0261708164012,0.0109574136504,0.0188147472415,0.00622432084224,0.0147997704784,0.00100644300486,3.60939810995e-05,0.00614290002816,0.0150049846785,-0.117276327618,-0.00553664539755
22.1,-0.265018839175,-0.00292798932702,463709847.84,0.0310950171152,8.85006888507e-08,1369766647.84,-0.0021963060741,-0.377636215963,0.846330521841,0.353978501612,-0.156746140428,0.0258318740939,0.0107795565565,0.0184852927821,0.00612509033012,0.0146214450726,0.000987466207119,3.48948311396e-05,0.00609054744509,0.0148702577347,-0.117132194324,-0.00541099265178
22.2,-0.262804330193,-0.0032503535305,463566680.785,0.0303518667225,7.93668730186e-08,1369766659.33,-0.00249958509094,-0.371658844458,0.830940413554,0.347459838091,-0.155297382429,0.0254958083936,0.0106043412329,0.0181597675913,0.00602738895541,0.0144448708424,0.000968902435213,3.37405841195e-05,0.00603851197466,0.0147352693638,-0.116988878585,-0.00528825060976
22.3,-0.260588193876,-0.00358857009562,463408256.775,0.029553618818,7.1175723139e-08,1369766669.63,-0.00282386758887,-0.365795520296,0.81588100714,0.341084956919,-0.153849282658,0.025162673444,0.0104317513153,0.0178382406989,0.00593120215228,0.0142700539387,0.000950741856732,3.26293725951e-05,0.00598679732828,0.0146000804126,-0.116846372092,-0.00516836080969
22.4,-0.258371003392,-0.00394397526069,463233826.472,0.0286964107306,6.38299503018e-08,1369766678.87,-0.00317063382525,-0.360043759936,0.801144294006,0.334850217543,-0.152402362497,0.0248325191065,0.010261769134,0.0175207731911,0.005836514935,0.014096999281,0.000932974879238,3.15594143403e-05,0.00593540698235,0.0144647499633,-0.11670466666,-0.00505126513268
22.5,-0.256153318262,-0.00431797814917,463042579.752,0.0277761198424,5.72423064071e-08,1369766687.15,-0.00354146491329,-0.354401138622,0.786722474571,0.328752081612,-0.150957125996,0.0245053911068,0.0100943758062,0.0172074185616,0.00574331193672,0.0139257106083,0.000915592144967,3.05290081234e-05,0.00588434418511,0.0143293353385,-0.116563754223,-0.00493690587081
22.6,-0.253935684599,-0.00471206573047,462833642.633,0.0267883473169,5.13345478925e-08,1369766694.58,-0.00393804966406,-0.348865288962,0.772607952712,0.322787109896,-0.149514060061,0.0241813311805,0.0099295513241,0.0168982230575,0.00565157744629,0.0137561905301,0.000898584525581,2.95365297096e-05,0.00583361196317,0.0141938921082,-0.11642362683,-0.0048252257889
22.7,-0.251718635325,-0.00512780799881,462606074.022,0.0257284010137,4.603650641e-08,1369766701.24,-0.00436219185741,-0.343433899529,0.758793330346,0.31695195931,-0.148073634643,0.0238603772169,0.00976727463917,0.0165932260196,0.00556129544332,0.0135884405753,0.000881943116996,2.85804280754e-05,0.00578321312818,0.0140584740999,-0.116284276647,-0.00471616818041
22.8,-0.249502690389,-0.00556686337418,462358862.285,0.0245912775852,4.12852554152e-08,1369766707.22,-0.00481581796567,-0.338104713505,0.745271402142,0.311243380027,-0.146636302952,0.0235425633999,0.00960752374328,0.0162924602159,0.00547244963155,0.0134224612395,0.00086565923427,2.76592218235e-05,0.00573315028314,0.0139231334099,-0.116145695949,-0.00460967691792
22.9,-0.247288356966,-0.00603098432818,462090921.642,0.0233716437498,3.70243627686e-08,1369766712.58,-0.00530098535417,-0.332875527343,0.732035150369,0.305658212677,-0.145202501672,0.0232279203474,0.00945027574564,0.0159959521681,0.00538502347041,0.0132582520315,0.000849724406564,2.67714957866e-05,0.00568342582878,0.0137879204169,-0.116007877123,-0.00450569649837
23.0,-0.245076129645,-0.00652202323598,461801088.381,0.0220638167485,3.32032204737e-08,1369766717.38,-0.00581989098368,-0.327744189472,0.719077739866,0.300193385637,-0.143772651203,0.0229164752486,0.00929550694665,0.0157037224713,0.0052990002051,0.0130958115187,0.000834130372178,2.59158978096e-05,0.00563404196974,0.0136528837976,-0.115870812665,-0.00440417208353
23.1,-0.242866490622,-0.00704193845365,461488116.898,0.0206617439985,2.97764435896e-08,1369766721.69,-0.00637488064002,-0.32270859902,0.706392513142,0.294845912405,-0.142347155896,0.0226082519978,0.00914319290812,0.0154157861049,0.00521436289504,0.0129351373704,0.00081886907366,2.50911357007e-05,0.00558500072061,0.0135180705437,-0.115734495176,-0.00430504953598
23.2,-0.240659909874,-0.00759280061804,461150675.556,0.0191589819683,2.67033311801e-08,1369766725.55,-0.00696845871649,-0.317766704576,0.693972985598,0.289612889055,-0.140926404316,0.0223032713266,0.00899330852038,0.0151321527357,0.00513109444078,0.0127762264007,0.000803932653,2.42959743402e-05,0.00553630391191,0.0133835259808,-0.115598917361,-0.00420827545084
23.3,-0.238456845327,-0.0081767991634,460787342.381,0.0175486743129,2.39473828954e-08,1369766729.02,-0.00760329857507,-0.312916502976,0.681812840875,0.284491491768,-0.139510769497,0.0220015509327,0.00884582806607,0.0148528270126,0.0050491776095,0.0126190746096,0.000789313446898,2.35292329409e-05,0.00548795319591,0.0132492937884,-0.115464072029,-0.00411379718359
23.4,-0.236257743029,-0.00879624904637,460396600.591,0.0158235293205,2.14758654462e-08,1369766732.13,-0.00828225351201,-0.308156038118,0.669905926318,0.279478974445,-0.138100609219,0.0217031056067,0.00870072528088,0.0145778088522,0.00496859505915,0.0124636772227,0.000775003982114,2.27897824491e-05,0.00543995005238,0.0131154160218,-0.115329952088,-0.00402156287422
23.5,-0.234063037305,-0.00945359766697,459976833.965,0.013975796741,1.92594238196e-08,1369766734.91,-0.00900836835338,-0.303483399804,0.658246248557,0.274572666391,-0.136696266281,0.0214079473553,0.00855797341131,0.014307093716,0.00488932936115,0.0123100287304,0.000760996970909,2.20765430803e-05,0.00539229579414,0.0129819331345,-0.115196550545,-0.00393152146802
23.6,-0.231873150915,-0.0101514319692,459526322.078,0.0119972440881,1.72717326207e-08,1369766737.41,-0.00978489170532,-0.298896722614,0.646827969206,0.269769970075,-0.135298068788,0.0211160855219,0.00841754526949,0.0140406728779,0.00481136302189,0.0121581229252,0.000747285306561,2.1388481981e-05,0.0053449915726,0.0128488840026,-0.115063860503,-0.00384362273318
23.7,-0.229688495207,-0.0108924857004,459043235.401,0.00987913252628,1.54891833971e-08,1369766739.66,-0.0106152888829,-0.294394184802,0.635645400673,0.265068358952,-0.133906330439,0.0208275269046,0.00827941328526,0.0137785336829,0.00473467850294,0.012007952938,0.00073386205897,2.07246110105e-05,0.00529803838307,0.0127163059493,-0.114931875161,-0.00375781727545
23.8,-0.227509470268,-0.0116796468027,458525630.297,0.00761219248645,1.3890604234e-08,1369766741.67,-0.01150325554,-0.289974007219,0.624693002082,0.260465375363,-0.13252135082,0.0205422758707,0.00814354955549,0.0135206597971,0.00465925824011,0.0118595112733,0.000720720470345,2.00839846349e-05,0.00525143707004,0.0125842347714,-0.114800587813,-0.00367405655011
23.9,-0.225336465066,-0.012515964904,457971443.924,0.00518659918022,1.24570082882e-08,1369766743.47,-0.0124527320204,-0.285634452266,0.613965375299,0.255958628492,-0.131143415705,0.0202603344685,0.0080099258908,0.0132670314476,0.00458508466134,0.011712789843,0.000707853950983,1.94656979296e-05,0.0052051883323,0.0124527047655,-0.114669991841,-0.00359229287143
24.0,-0.223169857598,-0.0134046588696,457378489.085,0.00259194822184,1.11713682757e-08,1369766745.09,-0.0134679184485,-0.281373822867,0.603457261069,0.25154579239,-0.129772797353,0.0199817025359,0.00787851385985,0.0130176256539,0.00451214020353,0.0115677799994,0.000695256075126,1.88688846811e-05,0.00515929272796,0.0123217487559,-0.114540080721,-0.0035124794198
24.1,-0.221010015029,-0.0143491243653,456744449.051,-0.000182768394688,1.00184142331e-08,1369766746.53,-0.0145532905736,-0.277190461472,0.593163535254,0.247224604063,-0.128409754814,0.0197063778065,0.0077492848311,0.0127724164505,0.00444040732829,0.0114244725669,0.00068292057691,1.82927155854e-05,0.00511375067933,0.0121913981228,-0.114410848014,-0.00343457024673
24.2,-0.218857293833,-0.015352941379,456066872.401,-0.00314918566961,8.98445215112e-09,1369766747.84,-0.0157136163792,-0.27308274908,0.583079205171,0.242992861616,-0.127054534233,0.0194343560117,0.0076222100123,0.0125313750994,0.00436986853675,0.0112828578727,0.00067084134639,1.77363965371e-05,0.00506856247775,0.0120616828307,-0.11428228737,-0.00335852027791
24.3,-0.216712039933,-0.0164198816313,455343167.917,-0.00631958797701,8.05720132641e-09,1369766749.0,-0.0169539734626,-0.269049104289,0.573199406029,0.238848422453,-0.125707369159,0.0191656309809,0.0074972604878,0.012294470295,0.00430050638334,0.0111429257759,0.000659012425661,1.71991670032e-05,0.00502372828822,0.0119326314579,-0.114154392524,-0.0032842853144
24.4,-0.214574588835,-0.017553915802,454570599.598,-0.0097069300471,7.22564849994e-09,1369766750.05,-0.018279767183,-0.265087982368,0.563519397464,0.23478920154,-0.124368480849,0.0189001947379,0.0073744072536,0.0120616683597,0.00423230348875,0.0110046656963,0.000647428005054,1.66802984786e-05,0.004979248154,0.0118042712263,-0.114027157296,-0.00321182203224
24.5,-0.212445265767,-0.018759220481,453746281.847,-0.0133248560836,6.4799170488e-09,1369766750.98,-0.0196967495733,-0.261197874352,0.554034560168,0.230813169716,-0.123038078578,0.0186380375946,0.00725362125047,0.0118329334307,0.00416524255194,0.0108680666421,0.000636082419419,1.61790930184e-05,0.00493512200102,0.0116766280311,-0.113900575585,-0.00314108798049
24.6,-0.210324385813,-0.0200401847441,452867174.908,-0.0171877164767,5.81114967834e-09,1369766751.83,-0.0212110389957,-0.257377306162,0.544740392605,0.22691835206,-0.121716359945,0.0183791482417,0.00713487339498,0.0116082276388,0.00409930636137,0.0107331172355,0.000624970144493,1.56948818418e-05,0.00489134964226,0.0115497264711,-0.113774641376,-0.00307204157798
24.7,-0.208212254049,-0.0214014162363,451930080.63,-0.0213105814939,5.21140322132e-09,1369766752.58,-0.022829140516,-0.25362483774,0.535632507824,0.223102826302,-0.120403511181,0.0181235138366,0.00701813460873,0.0113875112788,0.00403447780542,0.0105998057391,0.000614085793344,1.52270240063e-05,0.00484793078197,0.0114235898795,-0.11364934873,-0.00300464210865
24.8,-0.206109165678,-0.0228477466329,450931638.65,-0.0257092512425,4.67355429422e-09,1369766753.26,-0.0245579669572,-0.249939062214,0.526706630357,0.219364721296,-0.119099707453,0.0178711200882,0.00690337584572,0.011170742972,0.00397073988207,0.0104681200797,0.000603424112903,1.47749051456e-05,0.0048048650198,0.0112982403541,-0.113524691786,-0.00293884971591
24.9,-0.20401540616,-0.0243842363279,449868323.103,-0.0304002611042,4.19121469062e-09,1369766753.86,-0.0264048605785,-0.246318605079,0.517958593193,0.215702215525,-0.117805113168,0.0176219513392,0.00679056811801,0.0109578798203,0.00390807570785,0.0103380478721,0.000592979980571,1.43379362701e-05,0.00476215185482,0.0111736987885,-0.113400664762,-0.00287462539589
25.0,-0.201931251354,-0.0260161781874,448736439.965,-0.0354008817385,3.75865550631e-09,1369766754.41,-0.0283776153097,-0.242762123398,0.509384334854,0.212113535667,-0.116519882274,0.0173759906448,0.00667968251974,0.0107488775539,0.0038464685261,0.010209576442,0.000582748400903,1.39155526256e-05,0.00471979068944,0.0110499849023,-0.113277261952,-0.00281193098975
25.1,-0.199856967642,-0.0277491001804,447532125.174,-0.0407291126428,3.37073909532e-09,1369766754.89,-0.0304844994504,-0.239268305027,0.500979896532,0.208596955193,-0.115244158562,0.0171332198496,0.00657069024952,0.0105436906701,0.00378590171464,0.0100826928472,0.000572724502381,1.35072126076e-05,0.00467778083326,0.0109271172724,-0.113154477721,-0.00275072917519
25.2,-0.197792812072,-0.0295887666852,446251343.652,-0.0464036681366,3.02285804837e-09,1369766755.33,-0.0327342787246,-0.235835867855,0.492741419315,0.205150793018,-0.113978075959,0.0168936196612,0.00646356263135,0.0103422725661,0.00372635879273,0.00995738389873,0.000562903534247,1.31123967273e-05,0.00463612150672,0.0108051133633,-0.11303230651,-0.00269098345719
25.3,-0.195739032487,-0.0315411782466,444889889.398,-0.0524439545172,2.71088046921e-09,1369766755.72,-0.0351362395497,-0.232463559065,0.484665141494,0.201773412185,-0.112721758827,0.0166571697212,0.00635827113413,0.0101445756643,0.00366782342751,0.00983363618119,0.000553280863426,1.27306066291e-05,0.00459481184478,0.0106839895574,-0.112910742831,-0.00263265815812
25.4,-0.193695867661,-0.0336125695389,443443386.821,-0.0588700370033,2.43110089873e-09,1369766756.08,-0.0377002123556,-0.229150154417,0.476747395931,0.198463218599,-0.111475322246,0.0164238486737,0.00625478738969,0.0099505515309,0.00361027943991,0.00971143607155,0.000543851971517,1.23613641533e-05,0.00455385090042,0.0105637611861,-0.112789781267,-0.0025757184072
25.5,-0.191663547431,-0.0358094052698,441907293.494,-0.0657025949513,2.18019630403e-09,1369766756.39,-0.0404365947524,-0.225894457541,0.468984607514,0.19521865979,-0.110238872309,0.016193634231,0.00615308320965,0.00976015098842,0.0035537108099,0.0095907697578,0.000534612451854,1.20042104454e-05,0.00451323764805,0.0104444425593,-0.112669416468,-0.0025201301295
25.6,-0.189642292836,-0.0381383737404,440276904.532,-0.0729628636985,1.95518660968e-09,1369766756.67,-0.0433563743081,-0.222695299257,0.461373290673,0.192038223724,-0.109012506398,0.0159665032373,0.00605313060093,0.00957332422125,0.00349810168145,0.00947162325657,0.000525558006647,1.16587051066e-05,0.00447297098688,0.0103260469959,-0.112549643156,-0.00246586003443
25.7,-0.187632316247,-0.0406063777552,438547358.803,-0.0806725612559,1.75339930241e-09,1369766756.93,-0.046471150656,-0.219551536905,0.453910046973,0.188920437641,-0.10779631347,0.0157424317291,0.0059549017801,0.00939002087584,0.0034434363668,0.00935398243006,0.000516684444184,1.13244253855e-05,0.00443304974412,0.0102085868528,-0.112430456118,-0.00241287560393
25.8,-0.185633821505,-0.0432205225633,436713647.2,-0.0888537979518,1.57243768877e-09,1369766757.16,-0.0497931566012,-0.216462053697,0.446591562765,0.185863866938,-0.106590374327,0.0155213949941,0.00585836918665,0.00921019015476,0.00338969935044,0.00923783300223,0.00050798767611,1.10009654075e-05,0.00439347267814,0.010092073555,-0.112311850207,-0.0023611450802
25.9,-0.183647004054,-0.0459881004907,434770623.209,-0.097528967016,1.41015242883e-09,1369766757.36,-0.0533352778433,-0.213425758084,0.439414606908,0.182867114078,-0.10539476189,0.015303367627,0.00576350549515,0.00903378090521,0.00333687529259,0.00912316057429,0.000499463714769,1.06879354411e-05,0.00435423848154,0.00997651762413,-0.112193820342,-0.00231063745326
26.0,-0.18167205108,-0.0489165719201,432713016.012,-0.106720614003,1.26461600782e-09,1369766757.54,-0.0571110708723,-0.210441583136,0.432376028558,0.179928817537,-0.104209541462,0.0150883235838,0.00567028362637,0.00886074170229,0.00328494903232,0.00900995063952,0.000491108670612,1.03849611979e-05,0.00431534578412,0.00986192870734,-0.112076361504,-0.0022613224482
26.1,-0.179709141643,-0.0520135422598,430535446.374,-0.11645128288,1.13409984234e-09,1369766757.71,-0.0611347785254,-0.20750848594,0.425472755011,0.177047650783,-0.103034770996,0.014876236233,0.00557867675748,0.008691020927,0.00323390559024,0.00889818859739,0.000482918749677,1.00916831662e-05,0.00427679315575,0.00974831560559,-0.111959468738,-0.00221317051227
26.2,-0.177758446811,-0.0552867345495,428232445.565,-0.126743336587,1.01705374946e-09,1369766757.85,-0.0654213426225,-0.20462544702,0.418701789608,0.174222321283,-0.101870501343,0.0146670784052,0.00548865833133,0.00852456683946,0.00318373017091,0.00878785976714,0.000474890251121,9.80775597534e-06,0.0042385791092,0.00963568630149,-0.111843137152,-0.00216615280183
26.3,-0.175820129803,-0.0587439573521,425798477.555,-0.13761874987,9.12087534674e-10,1369766757.99,-0.069986413014,-0.201791469756,0.412060209704,0.171451569546,-0.100716776514,0.0144608224407,0.00540020206484,0.00836132764729,0.00313440816482,0.0086789494006,0.000467019564825,9.53284778932e-06,0.00420070210282,0.00952404798685,-0.111727361913,-0.00212024116915
26.4,-0.173894346118,-0.0623930675981,423227964.718,-0.149098872266,8.17954480128e-10,1369766758.1,-0.0748463522883,-0.199005579834,0.405545164689,0.16873416819,-0.0995736339203,0.0142574402346,0.00531328195658,0.00820125156963,0.00308592515015,0.00857144269458,0.000459303169055,9.26663972896e-06,0.00416316054322,0.00941340708965,-0.111612138248,-0.00207540814917
26.5,-0.171981243675,-0.0662419280738,420515317.26,-0.161204159274,7.33536536923e-10,1369766758.21,-0.0800182352895,-0.196266824701,0.399153874064,0.166068921038,-0.0984411046186,0.0140569032802,0.00522787229358,0.00804428689675,0.00303826689416,0.00846532480249,0.000451737628184,9.00882532058e-06,0.00412595278782,0.00930376930064,-0.111497461443,-0.00203162694618
26.6,-0.170080962944,-0.0702983592798,417654966.562,-0.173953869929,6.57831045699e-10,1369766758.31,-0.0855198424948,-0.193574273037,0.392883625573,0.163454662243,-0.097319213548,0.0138591827103,0.0051439476574,0.00789038204564,0.00299141935434,0.00836058084562,0.000444319590471,8.75910996992e-06,0.00408907714731,0.00919513959944,-0.111383326843,-0.00198887142051
26.7,-0.16819363709,-0.0745700854401,414641402.582,-0.18736572937,5.8993882772e-10,1369766758.39,-0.0913696461907,-0.190927014237,0.386731773384,0.160890255441,-0.0962079797623,0.013664249337,0.0050614829295,0.00773948561162,0.00294536867928,0.00825719592367,0.0004370457859,8.51721046032e-06,0.00405253188808,0.00908752228017,-0.111269729848,-0.00194711607523
26.8,-0.1663193921,-0.079064674503,411469215.438,-0.201455555387,5.29053505037e-10,1369766758.47,-0.0975867882705,-0.188324157913,0.380695736329,0.158374592924,-0.0951074166568,0.0134720736894,0.00498045329599,0.00759154641635,0.00290010120927,0.00815515512496,0.00042991302407,8.28285447375e-06,0.00401631523456,0.00898092097658,-0.111156665917,-0.00190633604284
26.9,-0.164458346926,-0.0837894720603,408133141.216,-0.216236848535,4.74451922875e-10,1369766758.54,-0.10419104836,-0.1857648334,0.374772996179,0.155906594846,-0.0940175321902,0.0132826260495,0.00490083425169,0.00744651355213,0.00285560347674,0.00805444353594,0.000422918192146,8.05578013368e-06,0.00398042537146,0.00887533868662,-0.11104413056,-0.00186650707206
